CREATE TABLE IF NOT EXISTS auth_user (
  id BIGINT GENERATED BY DEFAULT AS IDENTITY,
  email VARCHAR(255) NOT NULL,
  name VARCHAR(25) NOT NULL,
  surnames VARCHAR(35) NOT NULL,
  language ENUM('--','en','es') NOT NULL,
  enabled TINYINT NOT NULL DEFAULT 1,
  color_mode ENUM('-','L','D') NOT NULL DEFAULT '-',
  initial_currency ENUM('-','$','€') NOT NULL DEFAULT '-',
  initial_table_sorting_direction ENUM('---','asc','desc') NOT NULL DEFAULT '---',
  initial_table_page_size INTEGER NOT NULL DEFAULT 0,
  pdf_document_page_format ENUM('---','A3V','A3H','A4V','A4H') NOT NULL DEFAULT '---',
  first_registration_date_time TIMESTAMP NOT NULL DEFAULT CURRENT_TIMESTAMP,
  first_registration_auth_user_id BIGINT,
  last_modification_date_time TIMESTAMP,
  last_modification_auth_user_id BIGINT,
  PRIMARY KEY (id)
);

CREATE UNIQUE INDEX IF NOT EXISTS auth_user_unique_key_1 ON auth_user(email);
CREATE INDEX IF NOT EXISTS auth_user_key_1 ON auth_user(first_registration_auth_user_id);
CREATE INDEX IF NOT EXISTS auth_user_key_2 ON auth_user(last_modification_auth_user_id);
CREATE INDEX IF NOT EXISTS auth_user_key_3 ON auth_user(enabled);
ALTER TABLE auth_user ADD CONSTRAINT IF NOT EXISTS auth_user_foreign_key_1 FOREIGN KEY (first_registration_auth_user_id) REFERENCES auth_user(id);
ALTER TABLE auth_user ADD CONSTRAINT IF NOT EXISTS auth_user_foreign_key_2 FOREIGN KEY (last_modification_auth_user_id) REFERENCES auth_user(id);

-----------------------------------------------------------------------

CREATE TABLE IF NOT EXISTS auth_user_credentials (
  id BIGINT GENERATED BY DEFAULT AS IDENTITY,
  email VARCHAR(255) NOT NULL,
  encrypted_password VARCHAR(60) NOT NULL,
  first_registration_date_time TIMESTAMP NOT NULL DEFAULT CURRENT_TIMESTAMP,
  first_registration_auth_user_id BIGINT NOT NULL,
  last_modification_date_time TIMESTAMP,
  last_modification_auth_user_id BIGINT,
  PRIMARY KEY (id)
);

CREATE UNIQUE INDEX IF NOT EXISTS auth_user_credentials_unique_key_1 ON auth_user_credentials(email);
CREATE INDEX IF NOT EXISTS auth_user_credentials_key_1 ON auth_user_credentials(first_registration_auth_user_id);
CREATE INDEX IF NOT EXISTS auth_user_credentials_key_2 ON auth_user_credentials(last_modification_auth_user_id);
ALTER TABLE auth_user_credentials ADD CONSTRAINT IF NOT EXISTS auth_user_credentials_foreign_key_1 FOREIGN KEY (first_registration_auth_user_id) REFERENCES auth_user(id);
ALTER TABLE auth_user_credentials ADD CONSTRAINT IF NOT EXISTS auth_user_credentials_foreign_key_2 FOREIGN KEY (last_modification_auth_user_id) REFERENCES auth_user(id);

-----------------------------------------------------------------------

CREATE TABLE IF NOT EXISTS auth_role (
  id BIGINT GENERATED BY DEFAULT AS IDENTITY,
  name VARCHAR(20) NOT NULL,
  message_name VARCHAR(30) NOT NULL,
  priority TINYINT NOT NULL,
  first_registration_date_time TIMESTAMP NOT NULL DEFAULT CURRENT_TIMESTAMP,
  first_registration_auth_user_id BIGINT NOT NULL,
  last_modification_date_time TIMESTAMP,
  last_modification_auth_user_id BIGINT,
  PRIMARY KEY (id)
);

CREATE UNIQUE INDEX IF NOT EXISTS auth_role_unique_key_1 ON auth_role(name);
CREATE UNIQUE INDEX IF NOT EXISTS auth_role_unique_key_2 ON auth_role(message_name);
CREATE UNIQUE INDEX IF NOT EXISTS auth_role_unique_key_3 ON auth_role(priority);
CREATE INDEX IF NOT EXISTS auth_role_key_1 ON auth_role(first_registration_auth_user_id);
CREATE INDEX IF NOT EXISTS auth_role_key_2 ON auth_role(last_modification_auth_user_id);
ALTER TABLE auth_role ADD CONSTRAINT IF NOT EXISTS auth_role_foreign_key_1 FOREIGN KEY (first_registration_auth_user_id) REFERENCES auth_user(id);
ALTER TABLE auth_role ADD CONSTRAINT IF NOT EXISTS auth_role_foreign_key_2 FOREIGN KEY (last_modification_auth_user_id) REFERENCES auth_user(id);

-----------------------------------------------------------------------

CREATE TABLE IF NOT EXISTS auth_user_role (
  id BIGINT GENERATED BY DEFAULT AS IDENTITY,
  auth_user_id BIGINT NOT NULL,
  auth_role_id BIGINT NOT NULL,
  first_registration_date_time TIMESTAMP NOT NULL DEFAULT CURRENT_TIMESTAMP,
  first_registration_auth_user_id BIGINT NOT NULL,
  last_modification_date_time TIMESTAMP,
  last_modification_auth_user_id BIGINT,
  PRIMARY KEY (id)
);

CREATE UNIQUE INDEX IF NOT EXISTS auth_user_role_unique_key_1 ON auth_user_role(auth_user_id,auth_role_id);
CREATE INDEX IF NOT EXISTS auth_user_role_key_1 ON auth_user_role(first_registration_auth_user_id);
CREATE INDEX IF NOT EXISTS auth_user_role_key_2 ON auth_user_role(last_modification_auth_user_id);
CREATE INDEX IF NOT EXISTS auth_user_role_key_3 ON auth_user_role(auth_user_id);
CREATE INDEX IF NOT EXISTS auth_user_role_key_4 ON auth_user_role(auth_role_id);
ALTER TABLE auth_user_role ADD CONSTRAINT IF NOT EXISTS auth_user_role_foreign_key_1 FOREIGN KEY (first_registration_auth_user_id) REFERENCES auth_user(id);
ALTER TABLE auth_user_role ADD CONSTRAINT IF NOT EXISTS auth_user_role_foreign_key_2 FOREIGN KEY (last_modification_auth_user_id) REFERENCES auth_user(id);
ALTER TABLE auth_user_role ADD CONSTRAINT IF NOT EXISTS auth_user_role_foreign_key_3 FOREIGN KEY (auth_user_id) REFERENCES auth_user(id);
ALTER TABLE auth_user_role ADD CONSTRAINT IF NOT EXISTS auth_user_role_foreign_key_4 FOREIGN KEY (auth_role_id) REFERENCES auth_role(id);

-----------------------------------------------------------------------

CREATE TABLE IF NOT EXISTS auth_user_curriculum (
  id BIGINT GENERATED BY DEFAULT AS IDENTITY,
  auth_user_id BIGINT NOT NULL,
  description VARCHAR(500) NOT NULL,
  file_name VARCHAR(255) NOT NULL,
  first_registration_date_time TIMESTAMP NOT NULL DEFAULT CURRENT_TIMESTAMP,
  first_registration_auth_user_id BIGINT NOT NULL,
  last_modification_date_time TIMESTAMP,
  last_modification_auth_user_id BIGINT,
  PRIMARY KEY (id)
);

CREATE UNIQUE INDEX IF NOT EXISTS auth_user_curriculum_unique_key_1 ON auth_user_curriculum(auth_user_id,file_name);
CREATE INDEX IF NOT EXISTS auth_user_curriculum_key_1 ON auth_user_curriculum(first_registration_auth_user_id);
CREATE INDEX IF NOT EXISTS auth_user_curriculum_key_2 ON auth_user_curriculum(last_modification_auth_user_id);
CREATE INDEX IF NOT EXISTS auth_user_curriculum_key_3 ON auth_user_curriculum(auth_user_id);
ALTER TABLE auth_user_curriculum ADD CONSTRAINT IF NOT EXISTS auth_user_curriculum_foreign_key_1 FOREIGN KEY (first_registration_auth_user_id) REFERENCES auth_user(id);
ALTER TABLE auth_user_curriculum ADD CONSTRAINT IF NOT EXISTS auth_user_curriculum_foreign_key_2 FOREIGN KEY (last_modification_auth_user_id) REFERENCES auth_user(id);
ALTER TABLE auth_user_curriculum ADD CONSTRAINT IF NOT EXISTS auth_user_curriculum_foreign_key_3 FOREIGN KEY (auth_user_id) REFERENCES auth_user(id);

-----------------------------------------------------------------------

CREATE TABLE IF NOT EXISTS job_category (
  id BIGINT GENERATED BY DEFAULT AS IDENTITY,
  name VARCHAR(35) NOT NULL,
  description VARCHAR(500) NOT NULL,
  first_registration_date_time TIMESTAMP NOT NULL DEFAULT CURRENT_TIMESTAMP,
  first_registration_auth_user_id BIGINT NOT NULL,
  last_modification_date_time TIMESTAMP,
  last_modification_auth_user_id BIGINT,
  PRIMARY KEY (id)
);

CREATE UNIQUE INDEX IF NOT EXISTS job_category_unique_key_1 ON job_category(name);
CREATE INDEX IF NOT EXISTS job_category_key_1 ON job_category(first_registration_auth_user_id);
CREATE INDEX IF NOT EXISTS job_category_key_2 ON job_category(last_modification_auth_user_id);
ALTER TABLE job_category ADD CONSTRAINT IF NOT EXISTS job_category_foreign_key_1 FOREIGN KEY (first_registration_auth_user_id) REFERENCES auth_user(id);
ALTER TABLE job_category ADD CONSTRAINT IF NOT EXISTS job_category_foreign_key_2 FOREIGN KEY (last_modification_auth_user_id) REFERENCES auth_user(id);

-----------------------------------------------------------------------

CREATE TABLE IF NOT EXISTS job_company (
  id BIGINT GENERATED BY DEFAULT AS IDENTITY,
  name VARCHAR(35) NOT NULL,
  description VARCHAR(500) NOT NULL,
  selected_logo_file_name VARCHAR(255),
  first_registration_date_time TIMESTAMP NOT NULL DEFAULT CURRENT_TIMESTAMP,
  first_registration_auth_user_id BIGINT NOT NULL,
  last_modification_date_time TIMESTAMP,
  last_modification_auth_user_id BIGINT,
  PRIMARY KEY (id)
);

CREATE UNIQUE INDEX IF NOT EXISTS job_company_unique_key_1 ON job_company(name);
CREATE UNIQUE INDEX IF NOT EXISTS job_company_unique_key_2 ON job_company(id,selected_logo_file_name);
CREATE INDEX IF NOT EXISTS job_company_key_1 ON job_company(first_registration_auth_user_id);
CREATE INDEX IF NOT EXISTS job_company_key_2 ON job_company(last_modification_auth_user_id);
ALTER TABLE job_company ADD CONSTRAINT IF NOT EXISTS job_company_foreign_key_1 FOREIGN KEY (first_registration_auth_user_id) REFERENCES auth_user(id);
ALTER TABLE job_company ADD CONSTRAINT IF NOT EXISTS job_company_foreign_key_2 FOREIGN KEY (last_modification_auth_user_id) REFERENCES auth_user(id);

-----------------------------------------------------------------------

CREATE TABLE IF NOT EXISTS job_company_logo (
  id BIGINT GENERATED BY DEFAULT AS IDENTITY,
  job_company_id BIGINT NOT NULL,
  file_name VARCHAR(255) NOT NULL,
  first_registration_date_time TIMESTAMP NOT NULL DEFAULT CURRENT_TIMESTAMP,
  first_registration_auth_user_id BIGINT NOT NULL,
  last_modification_date_time TIMESTAMP,
  last_modification_auth_user_id BIGINT,
  PRIMARY KEY (id)
);

CREATE UNIQUE INDEX IF NOT EXISTS job_company_logo_unique_key_1 ON job_company_logo(job_company_id,file_name);
CREATE INDEX IF NOT EXISTS job_company_logo_key_1 ON job_company_logo(first_registration_auth_user_id);
CREATE INDEX IF NOT EXISTS job_company_logo_key_2 ON job_company_logo(last_modification_auth_user_id);
CREATE INDEX IF NOT EXISTS job_company_logo_key_3 ON job_company_logo(job_company_id);
ALTER TABLE job_company_logo ADD CONSTRAINT IF NOT EXISTS job_company_logo_foreign_key_1 FOREIGN KEY (first_registration_auth_user_id) REFERENCES auth_user(id);
ALTER TABLE job_company_logo ADD CONSTRAINT IF NOT EXISTS job_company_logo_foreign_key_2 FOREIGN KEY (last_modification_auth_user_id) REFERENCES auth_user(id);
ALTER TABLE job_company_logo ADD CONSTRAINT IF NOT EXISTS job_company_logo_foreign_key_3 FOREIGN KEY (job_company_id) REFERENCES job_company(id);

-----------------------------------------------------------------------

CREATE TABLE IF NOT EXISTS job_vacancy (
  id BIGINT GENERATED BY DEFAULT AS IDENTITY,
  name VARCHAR(120) NOT NULL,
  description VARCHAR(500) NOT NULL,
  salary DECIMAL(10,2),
  currency ENUM('-','$','€') NOT NULL,
  status ENUM('C','A','D') NOT NULL,
  highlighted TINYINT NOT NULL,
  job_company_id BIGINT NOT NULL,
  job_category_id BIGINT NOT NULL,
  publication_date_time TIMESTAMP NOT NULL DEFAULT CURRENT_TIMESTAMP,
  details VARCHAR(10000) NOT NULL,
  first_registration_date_time TIMESTAMP NOT NULL DEFAULT CURRENT_TIMESTAMP,
  first_registration_auth_user_id BIGINT NOT NULL,
  last_modification_date_time TIMESTAMP,
  last_modification_auth_user_id BIGINT,
  PRIMARY KEY (id)
);

CREATE INDEX IF NOT EXISTS job_vacancy_key_1 ON job_vacancy(first_registration_auth_user_id);
CREATE INDEX IF NOT EXISTS job_vacancy_key_2 ON job_vacancy(last_modification_auth_user_id);
CREATE INDEX IF NOT EXISTS job_vacancy_key_3 ON job_vacancy(status);
CREATE INDEX IF NOT EXISTS job_vacancy_key_4 ON job_vacancy(job_company_id);
CREATE INDEX IF NOT EXISTS job_vacancy_key_5 ON job_vacancy(job_category_id);
ALTER TABLE job_vacancy ADD CONSTRAINT IF NOT EXISTS job_vacancy_foreign_key_1 FOREIGN KEY (first_registration_auth_user_id) REFERENCES auth_user(id);
ALTER TABLE job_vacancy ADD CONSTRAINT IF NOT EXISTS job_vacancy_foreign_key_2 FOREIGN KEY (last_modification_auth_user_id) REFERENCES auth_user(id);
ALTER TABLE job_vacancy ADD CONSTRAINT IF NOT EXISTS job_vacancy_foreign_key_3 FOREIGN KEY (job_company_id) REFERENCES job_company(id);
ALTER TABLE job_vacancy ADD CONSTRAINT IF NOT EXISTS job_vacancy_foreign_key_4 FOREIGN KEY (job_category_id) REFERENCES job_category(id);

-----------------------------------------------------------------------

CREATE TABLE IF NOT EXISTS job_request (
  id BIGINT GENERATED BY DEFAULT AS IDENTITY,
  auth_user_id BIGINT NOT NULL,
  job_vacancy_id BIGINT NOT NULL,
  comments VARCHAR(1000) NOT NULL,
  curriculum_file_name VARCHAR(255) NOT NULL,
  first_registration_date_time TIMESTAMP NOT NULL DEFAULT CURRENT_TIMESTAMP,
  first_registration_auth_user_id BIGINT NOT NULL,
  last_modification_date_time TIMESTAMP,
  last_modification_auth_user_id BIGINT,
  PRIMARY KEY (id)
);

CREATE UNIQUE INDEX IF NOT EXISTS job_request_unique_key_1 ON job_request(auth_user_id,job_vacancy_id);
CREATE INDEX IF NOT EXISTS job_request_key_1 ON job_request(first_registration_auth_user_id);
CREATE INDEX IF NOT EXISTS job_request_key_2 ON job_request(last_modification_auth_user_id);
CREATE INDEX IF NOT EXISTS job_request_key_3 ON job_request(auth_user_id);
CREATE INDEX IF NOT EXISTS job_request_key_4 ON job_request(job_vacancy_id);
CREATE INDEX IF NOT EXISTS job_request_key_5 ON job_request(auth_user_id,curriculum_file_name);
ALTER TABLE job_request ADD CONSTRAINT IF NOT EXISTS job_request_foreign_key_1 FOREIGN KEY (first_registration_auth_user_id) REFERENCES auth_user(id);
ALTER TABLE job_request ADD CONSTRAINT IF NOT EXISTS job_request_foreign_key_2 FOREIGN KEY (last_modification_auth_user_id) REFERENCES auth_user(id);
ALTER TABLE job_request ADD CONSTRAINT IF NOT EXISTS job_request_foreign_key_3 FOREIGN KEY (auth_user_id) REFERENCES auth_user(id);
ALTER TABLE job_request ADD CONSTRAINT IF NOT EXISTS job_request_foreign_key_4 FOREIGN KEY (job_vacancy_id) REFERENCES job_vacancy(id);

-----------------------------------------------------------------------

CREATE TABLE IF NOT EXISTS auth_user_reset_password (
  id BIGINT GENERATED BY DEFAULT AS IDENTITY,
  email VARCHAR(255) NOT NULL,
  uuid VARCHAR(36) NOT NULL,
  first_registration_date_time TIMESTAMP NOT NULL DEFAULT CURRENT_TIMESTAMP,
  first_registration_auth_user_id BIGINT NOT NULL,
  last_modification_date_time TIMESTAMP,
  last_modification_auth_user_id BIGINT,
  PRIMARY KEY (id)
);

CREATE UNIQUE INDEX IF NOT EXISTS auth_user_reset_password_unique_key_1 ON auth_user_reset_password(email);
CREATE UNIQUE INDEX IF NOT EXISTS auth_user_reset_password_unique_key_2 ON auth_user_reset_password(email,uuid);
CREATE INDEX IF NOT EXISTS auth_user_reset_password_key_1 ON auth_user_reset_password(first_registration_auth_user_id);
CREATE INDEX IF NOT EXISTS auth_user_reset_password_key_2 ON auth_user_reset_password(last_modification_auth_user_id);
ALTER TABLE auth_user_reset_password ADD CONSTRAINT IF NOT EXISTS auth_user_reset_password_foreign_key_1 FOREIGN KEY (first_registration_auth_user_id) REFERENCES auth_user(id);
ALTER TABLE auth_user_reset_password ADD CONSTRAINT IF NOT EXISTS auth_user_reset_password_foreign_key_2 FOREIGN KEY (last_modification_auth_user_id) REFERENCES auth_user(id);

-----------------------------------------------------------------------

CREATE TABLE IF NOT EXISTS auth_user_signup_confirmation (
  id BIGINT GENERATED BY DEFAULT AS IDENTITY,
  email VARCHAR(255) NOT NULL,
  uuid VARCHAR(36) NOT NULL,
  first_registration_date_time TIMESTAMP NOT NULL DEFAULT CURRENT_TIMESTAMP,
  first_registration_auth_user_id BIGINT NOT NULL,
  last_modification_date_time TIMESTAMP,
  last_modification_auth_user_id BIGINT,
  PRIMARY KEY (id)
);

CREATE UNIQUE INDEX IF NOT EXISTS auth_user_signup_confirmation_unique_key_1 ON auth_user_signup_confirmation(email);
CREATE UNIQUE INDEX IF NOT EXISTS auth_user_signup_confirmation_unique_key_2 ON auth_user_signup_confirmation(email,uuid);
CREATE INDEX IF NOT EXISTS auth_user_signup_confirmation_key_1 ON auth_user_signup_confirmation(first_registration_auth_user_id);
CREATE INDEX IF NOT EXISTS auth_user_signup_confirmation_key_2 ON auth_user_signup_confirmation(last_modification_auth_user_id);
ALTER TABLE auth_user_signup_confirmation ADD CONSTRAINT IF NOT EXISTS auth_user_signup_confirmation_foreign_key_1 FOREIGN KEY (first_registration_auth_user_id) REFERENCES auth_user(id);
ALTER TABLE auth_user_signup_confirmation ADD CONSTRAINT IF NOT EXISTS auth_user_signup_confirmation_foreign_key_2 FOREIGN KEY (last_modification_auth_user_id) REFERENCES auth_user(id);

-----------------------------------------------------------------------

CREATE TABLE IF NOT EXISTS auth_user_entity_query (
  id BIGINT GENERATED BY DEFAULT AS IDENTITY,
  auth_user_id BIGINT NOT NULL,
  page_entity ENUM('authUsers','authUserCurriculums','jobCategories','jobCompanies','jobCompanyLogos','jobRequests','jobVacancies') NOT NULL,
  initial_pdf_document_page_format ENUM('---','A3V','A3H','A4V','A4H') NOT NULL DEFAULT '---',
  final_pdf_document_page_format ENUM('---','A3V','A3H','A4V','A4H') NOT NULL,
  language ENUM('--','en','es') NOT NULL,
  predefined_filter_name ENUM('AuthUser','JobCategory','JobCompany','JobVacancy'),
  predefined_filter_value VARCHAR(255),
  filter_name ENUM('id','authUserEmail','authUserName','authUserSurnames','jobCompanyName','firstRegistrationDateTime','firstRegistrationAuthUserEmail','lastModificationDateTime','lastModificationAuthUserEmail'),
  filter_value VARCHAR(255),
  sorting_field ENUM('id','authUserEmail','authUserName','authUserSurnames','jobCompanyName','firstRegistrationDateTime','firstRegistrationAuthUserEmail','lastModificationDateTime','lastModificationAuthUserEmail'),
  sorting_direction ENUM('asc','desc'),
  page_size INTEGER NOT NULL,
  page_number INTEGER NOT NULL,
  query_url VARCHAR(2048) NOT NULL,
  final_result_file_name VARCHAR(255),
  first_registration_date_time TIMESTAMP NOT NULL DEFAULT CURRENT_TIMESTAMP,
  first_registration_auth_user_id BIGINT,
  last_modification_date_time TIMESTAMP,
  last_modification_auth_user_id BIGINT,
  PRIMARY KEY (id)
);

CREATE INDEX IF NOT EXISTS auth_user_entity_query_key_1 ON auth_user_entity_query(auth_user_id);
CREATE INDEX IF NOT EXISTS auth_user_entity_query_key_2 ON auth_user_entity_query(first_registration_auth_user_id);
CREATE INDEX IF NOT EXISTS auth_user_entity_query_key_3 ON auth_user_entity_query(last_modification_auth_user_id);
ALTER TABLE auth_user_entity_query ADD CONSTRAINT IF NOT EXISTS auth_user_entity_query_foreign_key_1 FOREIGN KEY (auth_user_id) REFERENCES auth_user(id);
ALTER TABLE auth_user_entity_query ADD CONSTRAINT IF NOT EXISTS auth_user_entity_query_foreign_key_2 FOREIGN KEY (first_registration_auth_user_id) REFERENCES auth_user(id);
ALTER TABLE auth_user_entity_query ADD CONSTRAINT IF NOT EXISTS auth_user_entity_query_foreign_key_3 FOREIGN KEY (last_modification_auth_user_id) REFERENCES auth_user(id);

-----------------------------------------------------------------------

CREATE TABLE IF NOT EXISTS auth_persistent_logins (
  email VARCHAR(255) NOT NULL,
  series VARCHAR(64) NOT NULL,
  token VARCHAR(64) NOT NULL,
  last_used TIMESTAMP NOT NULL,
  PRIMARY KEY (series)
);

CREATE UNIQUE INDEX IF NOT EXISTS auth_persistent_logins_unique_key_1 ON auth_persistent_logins(email);

-----------------------------------------------------------------------

DELETE FROM auth_user_entity_query;
DELETE FROM auth_user_signup_confirmation;
DELETE FROM job_request;
DELETE FROM job_vacancy;
DELETE FROM job_company_logo;
DELETE FROM job_company;
DELETE FROM job_category;
DELETE FROM auth_user_curriculum;
DELETE FROM auth_user_role;
DELETE FROM auth_role;
DELETE FROM auth_user_credentials;
DELETE FROM auth_user;

INSERT INTO auth_user(id, email, name, surnames, language, enabled, color_mode, initial_currency, initial_table_sorting_direction, initial_table_page_size, pdf_document_page_format, first_registration_date_time, first_registration_auth_user_id, last_modification_date_time, last_modification_auth_user_id)
 VALUES(1,'anonymous@aliuken.com','Anonymous','User','--',1,'-','-','---',0,'---',CURRENT_TIMESTAMP,null,null,null);
INSERT INTO auth_user(id, email, name, surnames, language, enabled, color_mode, initial_currency, initial_table_sorting_direction, initial_table_page_size, pdf_document_page_format, first_registration_date_time, first_registration_auth_user_id, last_modification_date_time, last_modification_auth_user_id)
 VALUES(2,'aliuken@aliuken.com','Aliuken','Master','es',1,'D','$','---',0,'A3H',CURRENT_TIMESTAMP,1,null,null);
INSERT INTO auth_user(id, email, name, surnames, language, enabled, color_mode, initial_currency, initial_table_sorting_direction, initial_table_page_size, pdf_document_page_format, first_registration_date_time, first_registration_auth_user_id, last_modification_date_time, last_modification_auth_user_id)
 VALUES(3,'luis@aliuken.com','Luis','Esparza Gomez','--',1,'D','€','asc',10,'A4V',CURRENT_TIMESTAMP,1,null,null);
INSERT INTO auth_user(id, email, name, surnames, language, enabled, color_mode, initial_currency, initial_table_sorting_direction, initial_table_page_size, pdf_document_page_format, first_registration_date_time, first_registration_auth_user_id, last_modification_date_time, last_modification_auth_user_id)
 VALUES(4,'marisol@aliuken.com','Marisol','Salinas Rodarte','--',1,'D','-','asc',10,'A4V',CURRENT_TIMESTAMP,1,null,null);
INSERT INTO auth_user(id, email, name, surnames, language, enabled, color_mode, initial_currency, initial_table_sorting_direction, initial_table_page_size, pdf_document_page_format, first_registration_date_time, first_registration_auth_user_id, last_modification_date_time, last_modification_auth_user_id)
 VALUES(5,'daniel@aliuken.com','Daniel','López García','en',1,'-','$','asc',0,'---',CURRENT_TIMESTAMP,1,null,null);
INSERT INTO auth_user(id, email, name, surnames, language, enabled, color_mode, initial_currency, initial_table_sorting_direction, initial_table_page_size, pdf_document_page_format, first_registration_date_time, first_registration_auth_user_id, last_modification_date_time, last_modification_auth_user_id)
 VALUES(6,'guti@aliuken.com','José María','Gutiérrez Hernández','en',1,'-','€','asc',0,'---',CURRENT_TIMESTAMP,1,null,null);
INSERT INTO auth_user(id, email, name, surnames, language, enabled, color_mode, initial_currency, initial_table_sorting_direction, initial_table_page_size, pdf_document_page_format, first_registration_date_time, first_registration_auth_user_id, last_modification_date_time, last_modification_auth_user_id)
 VALUES(7,'raul@aliuken.com','Raúl','González Blanco','es',1,'L','-','desc',0,'---',CURRENT_TIMESTAMP,1,null,null);
INSERT INTO auth_user(id, email, name, surnames, language, enabled, color_mode, initial_currency, initial_table_sorting_direction, initial_table_page_size, pdf_document_page_format, first_registration_date_time, first_registration_auth_user_id, last_modification_date_time, last_modification_auth_user_id)
 VALUES(8,'antonio@aliuken.com','Antonio','Amaro Gómez','es',0,'-','$','asc',0,'---',CURRENT_TIMESTAMP,1,null,null);
INSERT INTO auth_user(id, email, name, surnames, language, enabled, color_mode, initial_currency, initial_table_sorting_direction, initial_table_page_size, pdf_document_page_format, first_registration_date_time, first_registration_auth_user_id, last_modification_date_time, last_modification_auth_user_id)
 VALUES(9,'pai.mei@aliuken.com','Pai','Mei','es',0,'-','€','asc',0,'---',CURRENT_TIMESTAMP,1,null,null);

ALTER TABLE auth_user ALTER COLUMN id RESTART WITH (SELECT MAX(id) FROM auth_user) + 1;

-----------------------------------------------------------------------

INSERT INTO auth_user_credentials(id, email, encrypted_password, first_registration_date_time, first_registration_auth_user_id, last_modification_date_time, last_modification_auth_user_id)
 VALUES (1,'aliuken@aliuken.com','$2a$10$emZdB6.UCgKUSSP5XbtUUu3EJC90ORzvBGgmWLEcHxzd.rNwTTzWq',CURRENT_TIMESTAMP,1,null,null);
INSERT INTO auth_user_credentials(id, email, encrypted_password, first_registration_date_time, first_registration_auth_user_id, last_modification_date_time, last_modification_auth_user_id)
 VALUES (2,'luis@aliuken.com','$2a$10$3/Cf9LVNbfJ.nuotE4J7uO2COFCbBtPFjufVzkzKh2iR4EPlBaXna',CURRENT_TIMESTAMP,1,null,null);
INSERT INTO auth_user_credentials(id, email, encrypted_password, first_registration_date_time, first_registration_auth_user_id, last_modification_date_time, last_modification_auth_user_id)
 VALUES (3,'marisol@aliuken.com','$2a$10$Xqjzg65MvjXfFZ8urRg09uPYvWTOZ2CW6TXqPtwBmiJYvFIoAnf.y',CURRENT_TIMESTAMP,1,null,null);
INSERT INTO auth_user_credentials(id, email, encrypted_password, first_registration_date_time, first_registration_auth_user_id, last_modification_date_time, last_modification_auth_user_id)
 VALUES (4,'daniel@aliuken.com','$2a$10$j1i1tno1jwqAQxNxQLRT0OYxUQqs0dWGaZAlAWETjvcwWP1NCRChG',CURRENT_TIMESTAMP,1,null,null);
INSERT INTO auth_user_credentials(id, email, encrypted_password, first_registration_date_time, first_registration_auth_user_id, last_modification_date_time, last_modification_auth_user_id)
 VALUES (5,'guti@aliuken.com','$2a$10$aahkYzGbQLAigDxIZBg6U.Q4ccze6UYVJ.3Zf0EDTMzTLxo7Aoqq2',CURRENT_TIMESTAMP,1,null,null);
INSERT INTO auth_user_credentials(id, email, encrypted_password, first_registration_date_time, first_registration_auth_user_id, last_modification_date_time, last_modification_auth_user_id)
 VALUES (6,'raul@aliuken.com','$2a$10$sZuM73e9A1yyR0gmt1C.Xu9NXrdJsAn9GJGoeQEv5TACpjwuBeUBq',CURRENT_TIMESTAMP,1,null,null);
INSERT INTO auth_user_credentials(id, email, encrypted_password, first_registration_date_time, first_registration_auth_user_id, last_modification_date_time, last_modification_auth_user_id)
 VALUES (7,'antonio@aliuken.com','$2a$10$r4CCMS/EWkZdirm/UZLsCOQgr/cVTtl0Sm1R3B1NRxTnJO5Ds62s.',CURRENT_TIMESTAMP,1,null,null);
INSERT INTO auth_user_credentials(id, email, encrypted_password, first_registration_date_time, first_registration_auth_user_id, last_modification_date_time, last_modification_auth_user_id)
 VALUES (8,'pai.mei@aliuken.com','$2a$10$bdExkbFJ2jwzzOvtWHurU.hdo8lRHLU3log3F7/lbvqbxUiG5sGLe',CURRENT_TIMESTAMP,1,null,null);

ALTER TABLE auth_user_credentials ALTER COLUMN id RESTART WITH (SELECT MAX(id) FROM auth_user_credentials) + 1;

-----------------------------------------------------------------------

INSERT INTO auth_role(id, name, message_name, priority, first_registration_date_time, first_registration_auth_user_id, last_modification_date_time, last_modification_auth_user_id)
 VALUES (1,'SUPERVISOR','authRoleValue.supervisor',50,CURRENT_TIMESTAMP,1,null,null);
INSERT INTO auth_role(id, name, message_name, priority, first_registration_date_time, first_registration_auth_user_id, last_modification_date_time, last_modification_auth_user_id)
 VALUES (2,'ADMINISTRATOR','authRoleValue.administrator',75,CURRENT_TIMESTAMP,1,null,null);
INSERT INTO auth_role(id, name, message_name, priority, first_registration_date_time, first_registration_auth_user_id, last_modification_date_time, last_modification_auth_user_id)
 VALUES (3,'USER','authRoleValue.user',25,CURRENT_TIMESTAMP,1,null,null);

ALTER TABLE auth_role ALTER COLUMN id RESTART WITH (SELECT MAX(id) FROM auth_role) + 1;

-----------------------------------------------------------------------

INSERT INTO auth_user_role(id, auth_user_id, auth_role_id, first_registration_date_time, first_registration_auth_user_id, last_modification_date_time, last_modification_auth_user_id)
 VALUES (1,2,2,CURRENT_TIMESTAMP,1,null,null);
INSERT INTO auth_user_role(id, auth_user_id, auth_role_id, first_registration_date_time, first_registration_auth_user_id, last_modification_date_time, last_modification_auth_user_id)
 VALUES (2,2,3,CURRENT_TIMESTAMP,1,null,null);
INSERT INTO auth_user_role(id, auth_user_id, auth_role_id, first_registration_date_time, first_registration_auth_user_id, last_modification_date_time, last_modification_auth_user_id)
 VALUES (3,3,1,CURRENT_TIMESTAMP,1,null,null);
INSERT INTO auth_user_role(id, auth_user_id, auth_role_id, first_registration_date_time, first_registration_auth_user_id, last_modification_date_time, last_modification_auth_user_id)
 VALUES (4,4,1,CURRENT_TIMESTAMP,1,null,null);
INSERT INTO auth_user_role(id, auth_user_id, auth_role_id, first_registration_date_time, first_registration_auth_user_id, last_modification_date_time, last_modification_auth_user_id)
 VALUES (5,5,3,CURRENT_TIMESTAMP,1,null,null);
INSERT INTO auth_user_role(id, auth_user_id, auth_role_id, first_registration_date_time, first_registration_auth_user_id, last_modification_date_time, last_modification_auth_user_id)
 VALUES (6,6,3,CURRENT_TIMESTAMP,1,null,null);
INSERT INTO auth_user_role(id, auth_user_id, auth_role_id, first_registration_date_time, first_registration_auth_user_id, last_modification_date_time, last_modification_auth_user_id)
 VALUES (7,7,3,CURRENT_TIMESTAMP,1,null,null);
INSERT INTO auth_user_role(id, auth_user_id, auth_role_id, first_registration_date_time, first_registration_auth_user_id, last_modification_date_time, last_modification_auth_user_id)
 VALUES (8,8,3,CURRENT_TIMESTAMP,1,null,null);
INSERT INTO auth_user_role(id, auth_user_id, auth_role_id, first_registration_date_time, first_registration_auth_user_id, last_modification_date_time, last_modification_auth_user_id)
 VALUES (9,9,3,CURRENT_TIMESTAMP,1,null,null);

ALTER TABLE auth_user_role ALTER COLUMN id RESTART WITH (SELECT MAX(id) FROM auth_user_role) + 1;

-----------------------------------------------------------------------

INSERT INTO auth_user_curriculum(id, auth_user_id, description, file_name, first_registration_date_time, first_registration_auth_user_id, last_modification_date_time, last_modification_auth_user_id)
 VALUES (1,2,'CV 2021','EKFP0YBSmiguel.pdf',CURRENT_TIMESTAMP,1,null,null);
INSERT INTO auth_user_curriculum(id, auth_user_id, description, file_name, first_registration_date_time, first_registration_auth_user_id, last_modification_date_time, last_modification_auth_user_id)
 VALUES (2,3,'CV 2021','EKFP0YBSmiguel.pdf',CURRENT_TIMESTAMP,1,null,null);
INSERT INTO auth_user_curriculum(id, auth_user_id, description, file_name, first_registration_date_time, first_registration_auth_user_id, last_modification_date_time, last_modification_auth_user_id)
 VALUES (3,4,'CV 2021','EKFP0YBSmiguel.pdf',CURRENT_TIMESTAMP,1,null,null);
INSERT INTO auth_user_curriculum(id, auth_user_id, description, file_name, first_registration_date_time, first_registration_auth_user_id, last_modification_date_time, last_modification_auth_user_id)
 VALUES (4,5,'CV 2021','EKFP0YBSmiguel.pdf',CURRENT_TIMESTAMP,1,null,null);
INSERT INTO auth_user_curriculum(id, auth_user_id, description, file_name, first_registration_date_time, first_registration_auth_user_id, last_modification_date_time, last_modification_auth_user_id)
 VALUES (5,6,'CV 2021','EKFP0YBSmiguel.pdf',CURRENT_TIMESTAMP,1,null,null);
INSERT INTO auth_user_curriculum(id, auth_user_id, description, file_name, first_registration_date_time, first_registration_auth_user_id, last_modification_date_time, last_modification_auth_user_id)
 VALUES (6,7,'CV 2021','EKFP0YBSmiguel.pdf',CURRENT_TIMESTAMP,1,null,null);
INSERT INTO auth_user_curriculum(id, auth_user_id, description, file_name, first_registration_date_time, first_registration_auth_user_id, last_modification_date_time, last_modification_auth_user_id)
 VALUES (7,2,'CV 2022','ExampleCV1.docx',CURRENT_TIMESTAMP,1,null,null);

ALTER TABLE auth_user_curriculum ALTER COLUMN id RESTART WITH (SELECT MAX(id) FROM auth_user_curriculum) + 1;

-----------------------------------------------------------------------

INSERT INTO job_category(id, name, description, first_registration_date_time, first_registration_auth_user_id, last_modification_date_time, last_modification_auth_user_id)
 VALUES (1,'Arquitectura','Habilidades para diseñar, dirigir y construir proyectos arquitectónicos, que pueden ir desde diseños en pequeña escala (como casas), hasta gran escala (como el planeamiento de una ciudad).',CURRENT_TIMESTAMP,1,null,null);
INSERT INTO job_category(id, name, description, first_registration_date_time, first_registration_auth_user_id, last_modification_date_time, last_modification_auth_user_id)
 VALUES (2,'Contablidad/Finanzas','Actividades para mantener oportuna y correcta la aplicación del sistema contable y presupuestal, asi como mantener en forma eficiente la programación y pago de los egresos, así como la respectiva creación de pasivos.',CURRENT_TIMESTAMP,1,null,null);
INSERT INTO job_category(id, name, description, first_registration_date_time, first_registration_auth_user_id, last_modification_date_time, last_modification_auth_user_id)
 VALUES (3,'Computacion/TI','Trabajos de capturistas, manejo de paqueteria de software, diseño de redes, telecomunicaciones, etc.',CURRENT_TIMESTAMP,1,null,null);
INSERT INTO job_category(id, name, description, first_registration_date_time, first_registration_auth_user_id, last_modification_date_time, last_modification_auth_user_id)
 VALUES (4,'Ingenieria electronica','Trabajos con aplicación en la industria, telecomunicaciones, en el diseño y análisis de instrumentación electrónica, microcontroladores y microprocesadores.',CURRENT_TIMESTAMP,1,null,null);
INSERT INTO job_category(id, name, description, first_registration_date_time, first_registration_auth_user_id, last_modification_date_time, last_modification_auth_user_id)
 VALUES (5,'Recursos Humanos','Administración de nóminas, pagas extra de los empleados, supervisar el trabajo de los empleados, determinar las necesidades del personal.',CURRENT_TIMESTAMP,1,null,null);
INSERT INTO job_category(id, name, description, first_registration_date_time, first_registration_auth_user_id, last_modification_date_time, last_modification_auth_user_id)
 VALUES (6,'Servicio y atencion al cliente','Actividades relacionadas con ofrecer servicios y atencion a los clientes de forma efectiva.',CURRENT_TIMESTAMP,1,null,null);
INSERT INTO job_category(id, name, description, first_registration_date_time, first_registration_auth_user_id, last_modification_date_time, last_modification_auth_user_id)
 VALUES (7,'Logistica/transportes','Trabajos relacionados con capacidad de observación, buena memoria, habilidad numérica y verbal, razonamiento concreto y abstracto, imaginación e inventiva, habilidad para el manejo de instrumentos y material de laboratorio, capacidad de adaptación social y trabajo de campo.',CURRENT_TIMESTAMP,1,null,null);
INSERT INTO job_category(id, name, description, first_registration_date_time, first_registration_auth_user_id, last_modification_date_time, last_modification_auth_user_id)
 VALUES (8,'Desarrollo de software','Profesionistas capaces de analizar, diseñar y mejorar estratégicamente proyectos de sistemas de software mediante la aplicación de procesos, modelos, herramientas y estándares de calidad en su desarrollo.',CURRENT_TIMESTAMP,1,null,null);
INSERT INTO job_category(id, name, description, first_registration_date_time, first_registration_auth_user_id, last_modification_date_time, last_modification_auth_user_id)
 VALUES (9,'Diseño','Crear conceptos visuales para publicidad, reunirse con clientes para conocer el presupuesto del proyecto, asesorar a los clientes para crear estrategias de publicidad visual, liderar equipos de trabajo, diseñar logotipos.',CURRENT_TIMESTAMP,1,null,null);
INSERT INTO job_category(id, name, description, first_registration_date_time, first_registration_auth_user_id, last_modification_date_time, last_modification_auth_user_id)
 VALUES (10,'Comunicaciones','Profesionales que se encargan de escribir las noticias que usualmente vemos en las revistas, periódicos e incluso en la televisión, muchos incluso, se dedican a escribir historias en Blogs y en los diferentes medios de comunicación escrita.',CURRENT_TIMESTAMP,1,null,null);
INSERT INTO job_category(id, name, description, first_registration_date_time, first_registration_auth_user_id, last_modification_date_time, last_modification_auth_user_id)
 VALUES (11,'Mercadotecnia','Investigación de mercados, programación y desarrollo del producto, fijación de precios, canales de distribución y logística. Comunicación integral: publicidad, comunicación e imagen, relaciones públicas, marketing directo, promoción, etc.',CURRENT_TIMESTAMP,1,null,null);
INSERT INTO job_category(id, name, description, first_registration_date_time, first_registration_auth_user_id, last_modification_date_time, last_modification_auth_user_id)
 VALUES (12,'Ventas','Habilidades para supervisar y dirigir las actividades de una oficina o de un departamento de Ventas. Coordinar y monitorear el trabajo de los empleados a su cargo.',CURRENT_TIMESTAMP,1,null,null);
INSERT INTO job_category(id, name, description, first_registration_date_time, first_registration_auth_user_id, last_modification_date_time, last_modification_auth_user_id)
 VALUES (13,'Publicidad','Habilidadeds para planificar, dirigir y coordinar las actividades de publicidad y relaciones públicas de la empresa u organización. Diseñar y planificar campañas publicitarias. Dirigir y gestionar las actividades del personal de publicidad y relaciones públicas.',CURRENT_TIMESTAMP,1,null,null);
INSERT INTO job_category(id, name, description, first_registration_date_time, first_registration_auth_user_id, last_modification_date_time, last_modification_auth_user_id)
 VALUES (14,'Gerencia/Administracion','Profesionistas capaces para programar, organizar, dirigir, controlar y supervisar las actividades de personal, tesorería, contabilidad y costos, logística y servicios internos y de mantenimiento.',CURRENT_TIMESTAMP,1,null,null);
INSERT INTO job_category(id, name, description, first_registration_date_time, first_registration_auth_user_id, last_modification_date_time, last_modification_auth_user_id)
 VALUES (15,'Educación','Funciones de docencia de carácter profesional que implica la realización directa de los procesos sistemáticos de enseñanza - aprendizaje, lo cual incluye el diagnóstico, la planificación, la ejecución y la evaluación de los mismos procesos y sus resultados.',CURRENT_TIMESTAMP,1,null,null);
INSERT INTO job_category(id, name, description, first_registration_date_time, first_registration_auth_user_id, last_modification_date_time, last_modification_auth_user_id)
 VALUES (16,'Blockchain y Bitcoin','Trabajos relaciondos con Bitcoin, Blockchain, desarrollo de sistemas distribuidos, contratos inteligentes y RESTful APIs basadas en entornos de Open Source.',CURRENT_TIMESTAMP,1,null,null);

ALTER TABLE job_category ALTER COLUMN id RESTART WITH (SELECT MAX(id) FROM job_category) + 1;

-----------------------------------------------------------------------

INSERT INTO job_company(id, name, description, selected_logo_file_name, first_registration_date_time, first_registration_auth_user_id, last_modification_date_time, last_modification_auth_user_id)
 VALUES (1,'Quality','Quality','logo1.png',CURRENT_TIMESTAMP,1,null,null);
INSERT INTO job_company(id, name, description, selected_logo_file_name, first_registration_date_time, first_registration_auth_user_id, last_modification_date_time, last_modification_auth_user_id)
 VALUES (2,'Asociados Inc.','Asociados Inc.','logo2.png',CURRENT_TIMESTAMP,1,null,null);
INSERT INTO job_company(id, name, description, selected_logo_file_name, first_registration_date_time, first_registration_auth_user_id, last_modification_date_time, last_modification_auth_user_id)
 VALUES (3,'Travels ProWorld','Travels ProWorld','logo3.png',CURRENT_TIMESTAMP,1,null,null);
INSERT INTO job_company(id, name, description, selected_logo_file_name, first_registration_date_time, first_registration_auth_user_id, last_modification_date_time, last_modification_auth_user_id)
 VALUES (4,'Club TelePromo','Club TelePromo','logo4.png',CURRENT_TIMESTAMP,1,null,null);
INSERT INTO job_company(id, name, description, selected_logo_file_name, first_registration_date_time, first_registration_auth_user_id, last_modification_date_time, last_modification_auth_user_id)
 VALUES (5,'Logistic & Transport','Logistic & Transport','logo5.png',CURRENT_TIMESTAMP,1,null,null);
INSERT INTO job_company(id, name, description, selected_logo_file_name, first_registration_date_time, first_registration_auth_user_id, last_modification_date_time, last_modification_auth_user_id)
 VALUES (6,'Electro Soluciones SA','Electro Soluciones SA','logo6.png',CURRENT_TIMESTAMP,1,null,null);
INSERT INTO job_company(id, name, description, selected_logo_file_name, first_registration_date_time, first_registration_auth_user_id, last_modification_date_time, last_modification_auth_user_id)
 VALUES (7,'Photo Service PRO','Photo Service PRO','logo7.png',CURRENT_TIMESTAMP,1,null,null);
INSERT INTO job_company(id, name, description, selected_logo_file_name, first_registration_date_time, first_registration_auth_user_id, last_modification_date_time, last_modification_auth_user_id)
 VALUES (8,'Doctors Asociados DUI12','Doctors Asociados DUI12','logo8.png',CURRENT_TIMESTAMP,1,null,null);
INSERT INTO job_company(id, name, description, selected_logo_file_name, first_registration_date_time, first_registration_auth_user_id, last_modification_date_time, last_modification_auth_user_id)
 VALUES (9,'Pro Real State','Pro Real State','logo9.png',CURRENT_TIMESTAMP,1,null,null);
INSERT INTO job_company(id, name, description, selected_logo_file_name, first_registration_date_time, first_registration_auth_user_id, last_modification_date_time, last_modification_auth_user_id)
 VALUES (10,'Katapult HRGroup','Katapult HRGroup','logo10.png',CURRENT_TIMESTAMP,1,null,null);
INSERT INTO job_company(id, name, description, selected_logo_file_name, first_registration_date_time, first_registration_auth_user_id, last_modification_date_time, last_modification_auth_user_id)
 VALUES (11,'Salinas DOW, sa','Salinas DOW, sa','logo11.png',CURRENT_TIMESTAMP,1,null,null);
INSERT INTO job_company(id, name, description, selected_logo_file_name, first_registration_date_time, first_registration_auth_user_id, last_modification_date_time, last_modification_auth_user_id)
 VALUES (12,'BrandNew Developments','BrandNew Developments','logo12.png',CURRENT_TIMESTAMP,1,null,null);
INSERT INTO job_company(id, name, description, selected_logo_file_name, first_registration_date_time, first_registration_auth_user_id, last_modification_date_time, last_modification_auth_user_id)
 VALUES (13,'Turbo Delivery','Turbo Delivery','logo13.png',CURRENT_TIMESTAMP,1,null,null);
INSERT INTO job_company(id, name, description, selected_logo_file_name, first_registration_date_time, first_registration_auth_user_id, last_modification_date_time, last_modification_auth_user_id)
 VALUES (14,'The Taylor Finance ltd','The Taylor Finance ltd','logo14.png',CURRENT_TIMESTAMP,1,null,null);
INSERT INTO job_company(id, name, description, selected_logo_file_name, first_registration_date_time, first_registration_auth_user_id, last_modification_date_time, last_modification_auth_user_id)
 VALUES (15,'in:trench Consulting Group','in:trench Consulting Group','logo15.png',CURRENT_TIMESTAMP,1,null,null);
INSERT INTO job_company(id, name, description, selected_logo_file_name, first_registration_date_time, first_registration_auth_user_id, last_modification_date_time, last_modification_auth_user_id)
 VALUES (16,'Contadores AsoLI','Contadores AsoLI','logo16.png',CURRENT_TIMESTAMP,1,null,null);
INSERT INTO job_company(id, name, description, selected_logo_file_name, first_registration_date_time, first_registration_auth_user_id, last_modification_date_time, last_modification_auth_user_id)
 VALUES (17,'Soft Technologies SA','Soft Technologies SA','logo17.png',CURRENT_TIMESTAMP,1,null,null);
INSERT INTO job_company(id, name, description, selected_logo_file_name, first_registration_date_time, first_registration_auth_user_id, last_modification_date_time, last_modification_auth_user_id)
 VALUES (18,'TEC2000','TEC2000','logo18.png',CURRENT_TIMESTAMP,1,null,null);
INSERT INTO job_company(id, name, description, selected_logo_file_name, first_registration_date_time, first_registration_auth_user_id, last_modification_date_time, last_modification_auth_user_id)
 VALUES (19,'Dentistas Care 21','Dentistas Care 21','logo19.png',CURRENT_TIMESTAMP,1,null,null);
INSERT INTO job_company(id, name, description, selected_logo_file_name, first_registration_date_time, first_registration_auth_user_id, last_modification_date_time, last_modification_auth_user_id)
 VALUES (20,'HR International','HR International','logo20.png',CURRENT_TIMESTAMP,1,null,null);
INSERT INTO job_company(id, name, description, selected_logo_file_name, first_registration_date_time, first_registration_auth_user_id, last_modification_date_time, last_modification_auth_user_id)
 VALUES (21,'Imperial','Imperial','logo21.png',CURRENT_TIMESTAMP,1,null,null);
INSERT INTO job_company(id, name, description, selected_logo_file_name, first_registration_date_time, first_registration_auth_user_id, last_modification_date_time, last_modification_auth_user_id)
 VALUES (22,'Ceeds International','Ceeds International','logo22.png',CURRENT_TIMESTAMP,1,null,null);
INSERT INTO job_company(id, name, description, selected_logo_file_name, first_registration_date_time, first_registration_auth_user_id, last_modification_date_time, last_modification_auth_user_id)
 VALUES (23,'Ava Airways','Ava Airways','logo23.png',CURRENT_TIMESTAMP,1,null,null);

ALTER TABLE job_company ALTER COLUMN id RESTART WITH (SELECT MAX(id) FROM job_company) + 1;

-----------------------------------------------------------------------

INSERT INTO job_company_logo(id, job_company_id, file_name, first_registration_date_time, first_registration_auth_user_id, last_modification_date_time, last_modification_auth_user_id)
 VALUES (1,1,'logo1.png',CURRENT_TIMESTAMP,1,null,null);
INSERT INTO job_company_logo(id, job_company_id, file_name, first_registration_date_time, first_registration_auth_user_id, last_modification_date_time, last_modification_auth_user_id)
 VALUES (2,2,'logo2.png',CURRENT_TIMESTAMP,1,null,null);
INSERT INTO job_company_logo(id, job_company_id, file_name, first_registration_date_time, first_registration_auth_user_id, last_modification_date_time, last_modification_auth_user_id)
 VALUES (3,3,'logo3.png',CURRENT_TIMESTAMP,1,null,null);
INSERT INTO job_company_logo(id, job_company_id, file_name, first_registration_date_time, first_registration_auth_user_id, last_modification_date_time, last_modification_auth_user_id)
 VALUES (4,4,'logo4.png',CURRENT_TIMESTAMP,1,null,null);
INSERT INTO job_company_logo(id, job_company_id, file_name, first_registration_date_time, first_registration_auth_user_id, last_modification_date_time, last_modification_auth_user_id)
 VALUES (5,5,'logo5.png',CURRENT_TIMESTAMP,1,null,null);
INSERT INTO job_company_logo(id, job_company_id, file_name, first_registration_date_time, first_registration_auth_user_id, last_modification_date_time, last_modification_auth_user_id)
 VALUES (6,6,'logo6.png',CURRENT_TIMESTAMP,1,null,null);
INSERT INTO job_company_logo(id, job_company_id, file_name, first_registration_date_time, first_registration_auth_user_id, last_modification_date_time, last_modification_auth_user_id)
 VALUES (7,7,'logo7.png',CURRENT_TIMESTAMP,1,null,null);
INSERT INTO job_company_logo(id, job_company_id, file_name, first_registration_date_time, first_registration_auth_user_id, last_modification_date_time, last_modification_auth_user_id)
 VALUES (8,8,'logo8.png',CURRENT_TIMESTAMP,1,null,null);
INSERT INTO job_company_logo(id, job_company_id, file_name, first_registration_date_time, first_registration_auth_user_id, last_modification_date_time, last_modification_auth_user_id)
 VALUES (9,9,'logo9.png',CURRENT_TIMESTAMP,1,null,null);
INSERT INTO job_company_logo(id, job_company_id, file_name, first_registration_date_time, first_registration_auth_user_id, last_modification_date_time, last_modification_auth_user_id)
 VALUES (10,10,'logo10.png',CURRENT_TIMESTAMP,1,null,null);
INSERT INTO job_company_logo(id, job_company_id, file_name, first_registration_date_time, first_registration_auth_user_id, last_modification_date_time, last_modification_auth_user_id)
 VALUES (11,11,'logo11.png',CURRENT_TIMESTAMP,1,null,null);
INSERT INTO job_company_logo(id, job_company_id, file_name, first_registration_date_time, first_registration_auth_user_id, last_modification_date_time, last_modification_auth_user_id)
 VALUES (12,12,'logo12.png',CURRENT_TIMESTAMP,1,null,null);
INSERT INTO job_company_logo(id, job_company_id, file_name, first_registration_date_time, first_registration_auth_user_id, last_modification_date_time, last_modification_auth_user_id)
 VALUES (13,13,'logo13.png',CURRENT_TIMESTAMP,1,null,null);
INSERT INTO job_company_logo(id, job_company_id, file_name, first_registration_date_time, first_registration_auth_user_id, last_modification_date_time, last_modification_auth_user_id)
 VALUES (14,14,'logo14.png',CURRENT_TIMESTAMP,1,null,null);
INSERT INTO job_company_logo(id, job_company_id, file_name, first_registration_date_time, first_registration_auth_user_id, last_modification_date_time, last_modification_auth_user_id)
 VALUES (15,15,'logo15.png',CURRENT_TIMESTAMP,1,null,null);
INSERT INTO job_company_logo(id, job_company_id, file_name, first_registration_date_time, first_registration_auth_user_id, last_modification_date_time, last_modification_auth_user_id)
 VALUES (16,16,'logo16.png',CURRENT_TIMESTAMP,1,null,null);
INSERT INTO job_company_logo(id, job_company_id, file_name, first_registration_date_time, first_registration_auth_user_id, last_modification_date_time, last_modification_auth_user_id)
 VALUES (17,17,'logo17.png',CURRENT_TIMESTAMP,1,null,null);
INSERT INTO job_company_logo(id, job_company_id, file_name, first_registration_date_time, first_registration_auth_user_id, last_modification_date_time, last_modification_auth_user_id)
 VALUES (18,18,'logo18.png',CURRENT_TIMESTAMP,1,null,null);
INSERT INTO job_company_logo(id, job_company_id, file_name, first_registration_date_time, first_registration_auth_user_id, last_modification_date_time, last_modification_auth_user_id)
 VALUES (19,19,'logo19.png',CURRENT_TIMESTAMP,1,null,null);
INSERT INTO job_company_logo(id, job_company_id, file_name, first_registration_date_time, first_registration_auth_user_id, last_modification_date_time, last_modification_auth_user_id)
 VALUES (20,20,'logo20.png',CURRENT_TIMESTAMP,1,null,null);
INSERT INTO job_company_logo(id, job_company_id, file_name, first_registration_date_time, first_registration_auth_user_id, last_modification_date_time, last_modification_auth_user_id)
 VALUES (21,21,'logo21.png',CURRENT_TIMESTAMP,1,null,null);
INSERT INTO job_company_logo(id, job_company_id, file_name, first_registration_date_time, first_registration_auth_user_id, last_modification_date_time, last_modification_auth_user_id)
 VALUES (22,22,'logo22.png',CURRENT_TIMESTAMP,1,null,null);
INSERT INTO job_company_logo(id, job_company_id, file_name, first_registration_date_time, first_registration_auth_user_id, last_modification_date_time, last_modification_auth_user_id)
 VALUES (23,23,'logo23.png',CURRENT_TIMESTAMP,1,null,null);
INSERT INTO job_company_logo(id, job_company_id, file_name, first_registration_date_time, first_registration_auth_user_id, last_modification_date_time, last_modification_auth_user_id)
 VALUES (24,1,'AYHRERYKlogo-bitcoin.png',CURRENT_TIMESTAMP,1,null,null);
INSERT INTO job_company_logo(id, job_company_id, file_name, first_registration_date_time, first_registration_auth_user_id, last_modification_date_time, last_modification_auth_user_id)
 VALUES (25,1,'company-logo.png',CURRENT_TIMESTAMP,1,null,null);
INSERT INTO job_company_logo(id, job_company_id, file_name, first_registration_date_time, first_registration_auth_user_id, last_modification_date_time, last_modification_auth_user_id)
 VALUES (26,1,'construccion-logo.png',CURRENT_TIMESTAMP,1,null,null);
INSERT INTO job_company_logo(id, job_company_id, file_name, first_registration_date_time, first_registration_auth_user_id, last_modification_date_time, last_modification_auth_user_id)
 VALUES (27,1,'imagen-arquitectos-ac.png',CURRENT_TIMESTAMP,1,null,null);
INSERT INTO job_company_logo(id, job_company_id, file_name, first_registration_date_time, first_registration_auth_user_id, last_modification_date_time, last_modification_auth_user_id)
 VALUES (28,1,'UMVY3X25teaching-tech-logo.png',CURRENT_TIMESTAMP,1,null,null);

ALTER TABLE job_company_logo ALTER COLUMN id RESTART WITH (SELECT MAX(id) FROM job_company_logo) + 1;

-----------------------------------------------------------------------

INSERT INTO job_vacancy(id, name, description, salary, currency, status, highlighted, job_company_id, job_category_id, publication_date_time, details, first_registration_date_time, first_registration_auth_user_id, last_modification_date_time, last_modification_auth_user_id)
 VALUES(1,'Administrador de datos en la nube','Únete al Socio Logístico con mayor presencia en México, Soft Technologies te invita a formar parte de su gran equipo de trabajo como Administrador de datos en la nube.',20000,'€','A',0,2,3,CURRENT_TIMESTAMP,'<p><span style=\"color: #0000ff;\"><strong>REQUISITOS</strong></span></p>\r\n<p>Escolaridad: Lic. trunca o pasante en Ing en Sistemas Computacionales o afin.<br />Experiencia de 2 a&ntilde;os en:</p>\r\n<ul>\r\n<li>2 a&ntilde;os como ingeniero de infraestructura en tecnolog&iacute;as Microsoft, experiencia en soluciones de Infraestructura (Hardware/Software).</li>\r\n<li>2 a&ntilde;os administrando servidores en centros de datos.</li>\r\n</ul>\r\n<p><span style=\"color: #0000ff;\"><strong>ESPEC&Iacute;FICOS</strong></span></p>\r\n<ul>\r\n<li>Administraci&oacute;n monitoreo y mantenimiento de servicios en la nube Microsoft Azure.</li>\r\n<li>Administraci&oacute;n de servicios y proveedores de nube ITIL Foundations.</li>\r\n<li>Herramientas y Tecnolog&iacute;as de Virtualizaci&oacute;n Autoestudio.</li>\r\n<li>Herramientas de Monitoreo para servicios en la Nube o en Sitio.</li>\r\n<li>Esquemas de alta disponibilidad para nubes, cluster dispersos geogr&aacute;ficamente.</li>\r\n<li>Servicios de Nube: SaaS, PaaS, IaaS.</li>\r\n<li>Conocimientos b&aacute;sicos de Redes.</li>\r\n<li>Administraci&oacute;n de bases de datos en la nube SQL Azure.</li>\r\n<li>Conocimiento de consumo de costos de servicios en la nube.</li>\r\n<li>Herramientas de Monitoreo para nube.</li>\r\n<li>VPN.</li>\r\n<li>Almacenamiento en Nube.</li>\r\n</ul>\r\n<p>&nbsp;<span style=\"color: #0000ff;\"><strong>OFRECEMOS</strong></span></p>\r\n<ul>\r\n<li>ATRACTIVO SUELDO + prestaciones superiores a las de ley.</li>\r\n<li>Excelente ambiente de trabajo.</li>\r\n<li>Zonas de trabajo: Condesa.</li>\r\n<li>Horario Tiempo Completo: Lunes a Viernes: 09:00-06:00 con disponibilidad de horario.</li>\r\n</ul>\r\n<p><span style=\"color: #0000ff;\"><strong>ADICIONALES</strong></span></p>\r\n<ul>\r\n<li>Disponibilidad de viajar: No</li>\r\n<li>Disponibilidad de cambio de residencia: No</li>\r\n</ul>',CURRENT_TIMESTAMP,1,null,null);
INSERT INTO job_vacancy(id, name, description, salary, currency, status, highlighted, job_company_id, job_category_id, publication_date_time, details, first_registration_date_time, first_registration_auth_user_id, last_modification_date_time, last_modification_auth_user_id)
 VALUES(2,'Jefe de Almacén','Se requiere Jefe de Almacén y logística en empresa líder a nivel nacional dedicada a la distribución de medicamentos de alta especialidad en el sector gobierno, organismos descentralizados y hospitales privados.',12400,'$','A',1,5,7,CURRENT_TIMESTAMP,'<p><span style=\"background-color: #00ccff;\"><em>Requisitos:</em></span></p>\r\n<ol>\r\n<li>Titulado en Ing. Industrial, Ing. Qu&iacute;mico, Q.F.B., Q.F.I., Lic. En Farmacia y/o carrera af&iacute;n.</li>\r\n<li>5 a&ntilde;os Experiencia en posici&oacute;n similar: Manejo de almacenes en Red Fr&iacute;a y distribuci&oacute;n de insumos para la salud.</li>\r\n<li>Trato con clientes, proveedores y con personal a cargo.</li>\r\n</ol>\r\n<p><span style=\"background-color: #00ccff;\"><em>Actividades:</em></span></p>\r\n<ul>\r\n<li>Cumplir con los requisitos Normativos y de los Clientes en la recepci&oacute;n, almacenamiento, reabasto, etiquetado, surtido y embarque de los insumos para la salud.</li>\r\n<li>Reportar continuamente el desempe&ntilde;o de los procesos a su cargo para asegurar el cumplimiento en cantidad, calidad, costo y tiempo de la operaci&oacute;n.</li>\r\n<li>Garantizar el ingreso de los insumos para la salud en el sistema SAP y su revisi&oacute;n f&iacute;sica, verificando los reportes de ingresos, as&iacute; como las desviaciones que se presenten para garantizar la efectividad del proceso.</li>\r\n<li>Garantizar la confiabilidad de inventario del stock almacenado, de los insumos y/o materiales requeridos; solicitando reportes de inventario peri&oacute;dicos para disminuir gradualmente las diferencias de inventario y control de costos.</li>\r\n<li>Garantizar que el &Aacute;rea de mantenimiento lleve a cabo el programa de mantenimiento preventivo y correctivo de los equipos e instalaciones del almac&eacute;n, solicitando los reportes correspondientes para asegurar el funcionamiento eficiente y &oacute;ptimo de los equipos.</li>\r\n</ul>\r\n<p><em><span style=\"background-color: #00ccff;\">Ofrecemos:</span></em></p>\r\n<ul>\r\n<li>Sueldo competitivo</li>\r\n<li>Prestaciones de ley</li>\r\n<li>Prestaciones Superiores: Seguro de Vida, Seguro de Gastos M&eacute;dicos Mayores, Fondo y Caja de Ahorro, comedor</li>\r\n<li>Zona para laborar en Tlalpan, se requiere disponibilidad de horario</li>\r\n</ul>\r\n<p><span style=\"background-color: #00ccff;\"><em>Requerimientos:</em></span></p>\r\n<ul>\r\n<li>Educaci&oacute;n m&iacute;nima: Educaci&oacute;n superior - Licenciatura</li>\r\n<li>A&ntilde;os de experiencia: 3</li>\r\n<li>Edad: entre 31 y 48 a&ntilde;os</li>\r\n<li>Disponibilidad de viajar: No</li>\r\n<li>Disponibilidad de cambio de residencia: No</li>\r\n</ul>\r\n<p><span style=\"background-color: #00ccff;\"><em>Funciones:</em></span></p>\r\n<p>&bull; Entradas y salidas de material <br />&bull; Conteos c&iacute;clicos <br />&bull; Acomodo de material y Surtido de pedidos <br />&bull; Manejo de inventarios <br /><br />Competencias/Habilidades<br />Din&aacute;mico, comunicaci&oacute;n efectiva, responsable, trabajo en equipo.</p>',CURRENT_TIMESTAMP,1,null,null);
INSERT INTO job_vacancy(id, name, description, salary, currency, status, highlighted, job_company_id, job_category_id, publication_date_time, details, first_registration_date_time, first_registration_auth_user_id, last_modification_date_time, last_modification_auth_user_id)
 VALUES(3,'Analista de Crédito y Cobranza','Importante Empresa solicita Analista de crédito para actualizar y depurar las cuentas: integración documental y actualización en SAP.',21000,'€','A',1,2,2,CURRENT_TIMESTAMP,'<p><span style=\"color: #ff0000;\"><strong>Analista de Cr&eacute;dito y Cobranza</strong></span><br /><br /><strong>Requisitos:</strong></p>\r\n<ol>\r\n<li>Titulado. Licenciatura en Contabilidad, Administraci&oacute;n o af&iacute;n.</li>\r\n<li>3 a&ntilde;os en cr&eacute;dito y cobranza, manejo de Excel a nivel avanzado, SAP (FBL5N)</li>\r\n<li>Deseable experiencia en sector farmac&eacute;utico</li>\r\n</ol>\r\n<p><strong>Actividades:</strong></p>\r\n<ul>\r\n<li>Aplicaci&oacute;n de pagos, compensaci&oacute;n de notas de cr&eacute;dito.</li>\r\n<li>An&aacute;lisis y actualizaci&oacute;n en FBL5N de cada cuenta.</li>\r\n<li>Generaci&oacute;n de reportes para las diferentes &aacute;reas; comercial, operaciones, contralor&iacute;a, financiera, etc.</li>\r\n<li>Elaboraci&oacute;n del presupuesto de ingresos por cobranza.</li>\r\n</ul>\r\n<p><strong>Ofrecemos:</strong></p>\r\n<ul>\r\n<li>Sueldo competitivo</li>\r\n<li>Prestaciones de ley</li>\r\n<li>Prestaciones Superiores: Seguro de Vida, Seguro de Gastos M&eacute;dicos Mayores, Fondo y Caja de Ahorro.</li>\r\n<li>Comedor</li>\r\n<li>Zona para laborar, Tlalpan de lunes a viernes</li>\r\n</ul>\r\n<p><span style=\"color: #0000ff;\">Interesados que cubran el perfil al 100% postularse por este medio.</span><br /><br /><span style=\"color: #ff0000;\"><strong>Requerimientos</strong></span></p>\r\n<ol>\r\n<li>Educaci&oacute;n m&iacute;nima: Educaci&oacute;n superior - Licenciatura</li>\r\n<li>A&ntilde;os de experiencia: 3</li>\r\n<li>Edad: entre 28 y 46 a&ntilde;os</li>\r\n<li>Conocimientos: Microsoft Excel, SAP</li>\r\n<li>Disponibilidad de viajar: No</li>\r\n<li>Disponibilidad de cambio de residencia: No</li>\r\n</ol>',CURRENT_TIMESTAMP,1,null,null);
INSERT INTO job_vacancy(id, name, description, salary, currency, status, highlighted, job_company_id, job_category_id, publication_date_time, details, first_registration_date_time, first_registration_auth_user_id, last_modification_date_time, last_modification_auth_user_id)
 VALUES(4,'Diseñador grafico - Técnico o superior','Estamos solicitando personal, \"diseñador\" para sus puntos de venta localizados en la zona, debe tener conocimientos en alguno de los diferentes softwares de diseño, Corel, Photoshop o Illustrator.',7200,'$','A',1,3,9,CURRENT_TIMESTAMP,'<p><strong><span style=\"color: #0000ff;\">DESCRIPCION</span></strong></p>\r\n<p><span style=\"color: #ff0000;\"><em><strong>Consultor&iacute;a de Imagen est&aacute; en b&uacute;squeda del talento de un Dise&ntilde;ador Gr&aacute;fico</strong></em></span><br /><br /><span style=\"color: #0000ff;\"><em><strong>REQUISITOS:</strong></em></span><br /><br /><span style=\"color: #000000;\">- Licenciatura en Dise&ntilde;o</span><br /><span style=\"color: #000000;\">- Experiencia m&iacute;nima de dos a&ntilde;os desarrollando actividades de dise&ntilde;o publicitario, y de identidad corporativa.</span><br /><span style=\"color: #000000;\">- Manejo de paqueter&iacute;a: Photo shop, Illustrator, Adobe InDesign, Dreamweaver, HTML</span><br /><span style=\"color: #000000;\">- Desarrollo de mensajes visuales, informativos, de identidad y de persuasi&oacute;n</span><br /><span style=\"color: #000000;\">- Estrategia digital, uso de medios digitales audio, v&iacute;deo e imagen</span></p>\r\n<p><span style=\"color: #0000ff;\"><em><strong>FUNCIONES:</strong></em></span></p>\r\n<p><span style=\"color: #000000;\">- Dise&ntilde;ar papeler&iacute;a institucional, estrategias digitales, presentaciones corporativas. Crear y editar fotograf&iacute;as y gr&aacute;ficos - Preparar archivos para impresi&oacute;n digital y offset</span><br /><span style=\"color: #000000;\">- Dise&ntilde;o, construcci&oacute;n y mantenimiento de p&aacute;ginas web, as&iacute; como campa&ntilde;as de mailing-newsletter etc.</span><br /><span style=\"color: #000000;\">- Dise&ntilde;o de material gr&aacute;fico para redes sociales y p&aacute;ginas web</span><br /><span style=\"color: #000000;\">- Desarrollo y dise&ntilde;o de eventos como ferias, exposiciones, festejos, aniversarios etc.</span><br /><br /><span style=\"color: #0000ff;\"><em><strong>OFRECEMOS:</strong></em></span></p>\r\n<p><span style=\"color: #000000;\">- Pago semanal</span><br /><span style=\"color: #000000;\">- Prestaciones de Ley</span><br /><span style=\"color: #000000;\">- Contrataci&oacute;n directa por la empresa Horario 9:00 AM&ndash; 7:00 PM de Lunes a Viernes</span></p>\r\n<p><span style=\"color: #0000ff;\"><em><strong>REQUERIMIENTOS:</strong></em></span></p>\r\n<p><span style=\"color: #000000;\">- Educaci&oacute;n m&iacute;nima: Educaci&oacute;n superior - Licenciatura</span><br /><span style=\"color: #000000;\">- A&ntilde;os de experiencia: 2</span><br /><span style=\"color: #000000;\">- Edad: entre 24 y 40 a&ntilde;os</span><br /><span style=\"color: #000000;\">- Conocimientos: Microsoft Office</span><br /><span style=\"color: #000000;\">- Disponibilidad de viajar: No</span><br /><span style=\"color: #000000;\">- Disponibilidad de cambio de residencia: No</span></p>',CURRENT_TIMESTAMP,1,null,null);
INSERT INTO job_vacancy(id, name, description, salary, currency, status, highlighted, job_company_id, job_category_id, publication_date_time, details, first_registration_date_time, first_registration_auth_user_id, last_modification_date_time, last_modification_auth_user_id)
 VALUES(5,'Gerente de Recursos Humanos','Reclutamos para una empresa líder de transporte especializado un Gerente de Recursos Humanos con buen liderazgo, dinámico, negociador, pro activo, enfocado a resultados.',22000,'€','D',1,1,5,CURRENT_TIMESTAMP,'<p><span style=\"color: #ff0000;\"><strong>Funciones:</strong></span></p>\r\n<ul>\r\n<li>Responsable de las &aacute;reas de Reclutamiento, Capcitaci&oacute;n, N&oacute;mina, Laboral, Compensaciones, Seguridad Patrimonial.</li>\r\n<li>Promover la cultura organizacional</li>\r\n<li>Asegurar el cumplimiento de pol&iacute;ticas, normas y procedimientos.</li>\r\n<li>Desarrollar el talento.</li>\r\n<li>Asegurar el reclutamiento en tiempo y forma, cuidando las pol&iacute;ticas establecidas.</li>\r\n<li>Garantizar la equidad interna, competitividad externa y pago oportuno.</li>\r\n<li>Asegurar el cumplimiento del Reglamento Interior de Trabajo.</li>\r\n</ul>\r\n<p><span style=\"color: #ff0000;\"><strong>Requisitos:</strong></span></p>\r\n<ul>\r\n<li>Carrera profesional (LAE, LRH, af&iacute;n)</li>\r\n<li>5 a&ntilde;os de experiencia como Gerente de Recursos Humanos</li>\r\n<li>Experiencia en empresas de transporte</li>\r\n<li>Conocimiento en esquemas de desarrollo, compensaciones, reclutamiento.</li>\r\n<li>Preferentemente con buen nivel de ingl&eacute;s</li>\r\n</ul>\r\n<p><span style=\"color: #ff0000;\"><strong>Se ofrece:</strong></span></p>\r\n<ul>\r\n<li>Sueldo competitivo</li>\r\n<li>Prestaciones de ley</li>\r\n<li>Bonos de despensa</li>\r\n</ul>\r\n<p><span style=\"color: #ff0000;\"><strong>Requerimientos</strong></span></p>\r\n<ul>\r\n<li>Educaci&oacute;n m&iacute;nima: Educaci&oacute;n superior - Licenciatura</li>\r\n<li>A&ntilde;os de experiencia: 5</li>\r\n<li>Idiomas: Ingl&eacute;s</li>\r\n<li>Edad: entre 30 y 50 a&ntilde;os</li>\r\n<li>Conocimientos: Microsoft Office</li>\r\n<li>Disponibilidad de viajar: Si</li>\r\n<li>Disponibilidad de cambio de residencia: No</li>\r\n</ul>\r\n<p><span style=\"color: #0000ff;\"><strong>Interesados enviar su CV por este medio.</strong></span></p>',CURRENT_TIMESTAMP,1,null,null);
INSERT INTO job_vacancy(id, name, description, salary, currency, status, highlighted, job_company_id, job_category_id, publication_date_time, details, first_registration_date_time, first_registration_auth_user_id, last_modification_date_time, last_modification_auth_user_id)
 VALUES(6,'Residente de obra Arquitecto o Ing Civil','Estamos solicitando Arquitecto / Ing Civil con experiencia en desarrollos habitacionales, en los procesos de venta, comercialización, publicidad y administradores de obras.',16500,'$','A',1,12,1,CURRENT_TIMESTAMP,'<p><strong>Descripci&oacute;n</strong><br />Empresa constructora solicita personal para puesto de Residente de Obra.<br /><br /><strong>Escolaridad:</strong> Arquitecto y/o Ingeniero Civil<br /><br /><strong>Funci&oacute;n principal:</strong><br />* Supervisi&oacute;n y control de obra<br />* Cuantificacion de avances<br />* Elaboraci&oacute;n de estimaciones<br />* Manejo de contratistas y personal<br />* Estimaciones de avance de obra<br />* Elaboraci&oacute;n de paquetes de obra<br />* Realizaciones de reports de obra<br />* Interpretaci&oacute;n de planos.( Memorias de calculo ..)<br />* An&aacute;lisis de precios unitarios.<br />* Ejecuci&oacute;n de proyectos.<br />* Bit&aacute;cora de obra<br /><br /><strong>Habilidades:</strong><br />* Negociaci&oacute;n, liderazgo, capacidad para resolver conflictos<br />* Opus, AutoCAD, Excell<br /><br /><strong>Requerimientos</strong><br />* Educaci&oacute;n m&iacute;nima: Educaci&oacute;n superior - Licenciatura<br />* A&ntilde;os de experiencia: 4<br />* Idiomas: Ingl&eacute;s<br />* Edad: entre 27 y 60 a&ntilde;os<br />* Disponibilidad de viajar: No<br />* Disponibilidad de cambio de residencia: No</p>\r\n<p><span style=\"background-color: #ffffff; color: #0000ff;\"><strong>Interesados, favor en enviar su CV en formato PDF aqu&iacute; en la plataforma.</strong></span></p>',CURRENT_TIMESTAMP,1,null,null);
INSERT INTO job_vacancy(id, name, description, salary, currency, status, highlighted, job_company_id, job_category_id, publication_date_time, details, first_registration_date_time, first_registration_auth_user_id, last_modification_date_time, last_modification_auth_user_id)
 VALUES(7,'Administrador de redes y Sistema Operativo Red Hat','Empresa importante del sector financiero solicita Ing. de Sistemas para monitorear y administrar el desempeño de los servidores Linux.',25000,'€','A',1,14,3,CURRENT_TIMESTAMP,'<p style=\"text-align: center;\"><span style=\"color: #0000ff;\">&iexcl;&iexcl;INT&Eacute;GRATE A NUESTRO GRAN EQUIPO!!</span><br /><span style=\"color: #0000ff;\">EMPRESA IMPORTANTE SOLICITA ADMINISTRADOR DE SO RED HAT ENTERPRISE LINUX.</span></p>\r\n<p><span style=\"color: #ff0000;\"><strong>Requisitos:</strong></span></p>\r\n<ul>\r\n<li>Ingeniero en computaci&oacute;n o carrera af&iacute;n (Titulado)</li>\r\n<li>Promedio m&iacute;nimo de 8.0</li>\r\n<li>Sexo: Indistinto</li>\r\n</ul>\r\n<p><span style=\"color: #ff0000;\"><strong>Experiencia m&iacute;nima de 2 a 3 a&ntilde;os en:</strong></span></p>\r\n<ul>\r\n<li>Instalaci&oacute;n, configuraci&oacute;n, aplicaci&oacute;n de parches y actualizaci&oacute;n del software mencionado.</li>\r\n<li>Implementaci&oacute;n de recomendaciones de seguridad inform&aacute;tica y buenas pr&aacute;cticas.</li>\r\n<li>Resoluci&oacute;n de problemas a nivel Sistema Operativo.</li>\r\n<li>Monitoreo y an&aacute;lisis de desempe&ntilde;o de los servidores Linux.</li>\r\n<li>Atenci&oacute;n de reportes de Soporte t&eacute;cnico, atenci&oacute;n y asesor&iacute;as a usuarios finales asignados por el Centro de Soporte Institucional (Mesa de Ayuda).</li>\r\n<li>Alta, baja y modificaci&oacute;n de cuentas de usuario.</li>\r\n</ul>\r\n<p><span style=\"color: #ff0000;\"><strong>Contar con alguno de los siguientes cursos:</strong></span></p>\r\n<ul>\r\n<li>Red Hat System Administration I version 6 o superior</li>\r\n<li>Red Hat System Administration II</li>\r\n<li>Certificaci&oacute;n Red Hat Certified System Administrator (RHCSA) para versi&oacute;n 6 o superior</li>\r\n<li>Red Hat Certified Engineer (RHCE) para versi&oacute;n 6 o superior</li>\r\n</ul>\r\n<p><span style=\"color: #ff0000;\"><strong>Propuesta de trabajo:</strong></span></p>\r\n<ul>\r\n<li>Sueldo seg&uacute;n experiencia y conocimientos</li>\r\n<li>Prestaciones de Ley</li>\r\n<li>Zona de trabajo: Legar&iacute;a</li>\r\n<li>Horario propuesto: lunes a viernes de 9 &ndash; 18 horas</li>\r\n</ul>\r\n<p><span style=\"color: #ff0000;\"><strong>Requerimientos</strong></span></p>\r\n<ol>\r\n<li>Educaci&oacute;n m&iacute;nima: Educaci&oacute;n superior - Licenciatura</li>\r\n<li>A&ntilde;os de experiencia: 2</li>\r\n<li>Disponibilidad de viajar: No</li>\r\n<li>Disponibilidad de cambio de residencia: No</li>\r\n</ol>\r\n<p><span style=\"color: #008000;\"><strong>SI CUMPLES CON LOS REQUISITOS MENCIONADOS NO DUDES EN ENVIARNOS TU CV POR ESTE MEDIO.</strong> </span></p>',CURRENT_TIMESTAMP,1,null,null);
INSERT INTO job_vacancy(id, name, description, salary, currency, status, highlighted, job_company_id, job_category_id, publication_date_time, details, first_registration_date_time, first_registration_auth_user_id, last_modification_date_time, last_modification_auth_user_id)
 VALUES(8,'Programador de Software','Empresa con presencia a nivel nacional, te invita a formar parte de su equipo de trabajo para diseñar, crear y realizar mantenimiento a páginas y aplicaciones web.',19700,'$','C',1,15,8,CURRENT_TIMESTAMP,'<p><span style=\"color: #ff0000;\"><strong>PROGRAMADOR DE SOFTWARE</strong></span><br /><br /><strong>OBJETIVO:</strong> DISE&Ntilde;AR, CREAR Y REALIZAR MANTENIMIENTO A P&Aacute;GINAS Y APLICACIONES WEB<br /><br /><strong><span style=\"color: #0000ff;\">REQUISITOS:</span></strong></p>\r\n<p>* EDAD: 25 A 35 A&Ntilde;OS<br />* LICENCIATURA: DESARROLLO DE SOFTWARE, INFORM&Aacute;TICA, INGENIER&Iacute;A EN SISTEMAS COMPUTACIONALES O AF&Iacute;N<br />* INGLES T&Eacute;CNICO<br />* EXPERIENCIA EN PUESTO SIMILAR M&Iacute;NIMA 3 A&Ntilde;OS (ESTAR EJERCIENDO ACTUALMENTE)<br />* MANEJO DE ERP<br />* EXPERIENCIA EN VISUAL C# (2 A&Ntilde;OS)<br />* EXPERIENCIA EN JAVA (2 A&Ntilde;OS)<br />* EXPERIENCIA EN MICROSOFT SQL SERVER (2 A&Ntilde;OS)<br />* EXPERIENCIA DE MVC Y POO (1 A&Ntilde;O)<br /><br /><strong><span style=\"color: #0000ff;\">FUNCIONES: (EXPERIENCIA EN ESTAS ACTIVIDADES)</span></strong></p>\r\n<p>* MANEJO DE C&Oacute;DIGO EN DISTINTOS LENGUAJES DE PROGRAMACI&Oacute;N, TALES COMO HTML, XML PHP Y JAVASCRIPT.<br />* DISE&Ntilde;AR NUEVAS APLICACIONES Y SITIOS DE INTERNET<br />* DETECTAR Y SOLUCIONAR ERRORES O PROBLEMAS EN LA EJECUCI&Oacute;N DE LAS APLICACIONES Y SITIOS WEB.<br />* AGREGAR NUEVAS FUNCIONES A LA EJECUCI&Oacute;N DE LOS SITIOS DE INTERNET Y LAS APLICACIONES<br />* ESTAR AL CORRIENTE CON LOS NUEVOS LENGUAJES DE PROGRAMACI&Oacute;N, TECNOLOG&Iacute;AS Y TENDENCIAS EN EL MERCADO<br />* COLABORAR EN LA ATENCI&Oacute;N Y CAPACITACI&Oacute;N DE LOS USUARIOS EN LOS SISTEMAS IMPLEMENTADOS<br />* DOCUMENTAR ADECUADAMENTE LOS PROGRAMAS DESARROLLADOS<br /><br /><strong><span style=\"color: #0000ff;\">OFERTA:</span></strong></p>\r\n<p>* PERCEPCI&Oacute;N MENSUAL $10,000 NETOS (PAGO QUINCENAL, INCLUYE VALES DE DESPENSA)<br />* PRESTACIONES DE LEY<br />* HORARIO: L-V 9:00 A 7:00 Y S&Aacute;BADO MEDIO D&Iacute;A<br /><br /><span style=\"color: #0000ff;\"><strong>REQUERIMIENTOS</strong></span></p>\r\n<p>* EDUCACI&Oacute;N M&Iacute;NIMA: EDUCACI&Oacute;N SUPERIOR - LICENCIATURA<br />* A&Ntilde;OS DE EXPERIENCIA: 3<br />* IDIOMAS: INGL&Eacute;S<br />* EDAD: ENTRE 25 Y 35 A&Ntilde;OS<br />* CONOCIMIENTOS: SQL SERVER, C#, JAVA, ASP.NET MVC, MYSQL<br />* DISPONIBILIDAD DE VIAJAR: NO<br />* DISPONIBILIDAD DE CAMBIO DE RESIDENCIA: NO</p>\r\n<p><em><strong>SI CUMPLES CON EL PERFIL. POR FAVOR ENVIANOS TU CV POR ESTE MEDIO EN FORMATO PDF, DOCX.</strong></em></p>\r\n<p>&nbsp;</p>',CURRENT_TIMESTAMP,1,null,null);
INSERT INTO job_vacancy(id, name, description, salary, currency, status, highlighted, job_company_id, job_category_id, publication_date_time, details, first_registration_date_time, first_registration_auth_user_id, last_modification_date_time, last_modification_auth_user_id)
 VALUES(9,'Ejecutivo Contable','Empresa internacional solicita Contador Público para realizar las siguientes actividades: conciliaciones y movimientos bancarios, emisión de estados financieros, cálculo de impuestos y presentación de declaraciones, estrategias fiscales, entre otros.',16900,'€','A',1,10,2,CURRENT_TIMESTAMP,'<p><strong>EMPRESA L&Iacute;DER EN LA ADMINISTRACI&Oacute;N DE CAPITAL HUMANO EST&Aacute; EN B&Uacute;SQUEDA DE:</strong><br /><br /><strong>EJECUTIVO DE CONTABLE</strong><br /><br /><strong><span style=\"color: #ff0000;\">REQUISITOS:</span></strong><br /><br />- Contabilidad (Titulado o Pasante)<br />- 1 a&ntilde;o de experiencia comprobable en el &aacute;rea contable.<br /><br /><span style=\"color: #ff0000;\"><strong>FUNCIONES:</strong></span><br /><br />- Manejar los registros contables (p&oacute;lizas de ingreso y egresos diarios).<br />- C&aacute;lculo de impuestos provisionales.<br />- C&aacute;lculo de declaraciones anuales para personas morales y f&iacute;sicas.<br />- Elaboraci&oacute;n de estados financieros.<br />- Atenci&oacute;n a visitas domiciliarias.<br /><br /><strong>ZONA DE TRABAJO: Col. Buena Vista, D.F</strong></p>\r\n<p><span style=\"color: #ff0000;\"><strong>OFRECEMOS:</strong></span></p>\r\n<p>- Salario atractivo, seg&uacute;n experiencia.<br />- Prestaciones superiores a las de ley (seguro de vida, seguro de gastos m&eacute;dicos, seguro de gastos funerarios, tarjeta de descuentos, universidad corporativa), desde el primer d&iacute;a.<br /><br /><span style=\"color: #ff0000;\"><strong>REQUERIMIENTOS:</strong></span></p>\r\n<p>- Educaci&oacute;n m&iacute;nima: Educaci&oacute;n superior - Licenciatura<br />- A&ntilde;os de experiencia: 1<br />- Disponibilidad de viajar: Si<br />- Disponibilidad de cambio de residencia: No</p>\r\n<p>INTERESADOS FAVOR DE ENVIAR SU CV POR ESTE MEDIO.<br /><br /><strong>SOMOS UNA EMPRESA INCLUYENTE QUE RESPETA LA DIVERSIDAD Y NO HACE NING&Uacute;N TIPO DE DISCRIMINACI&Oacute;N YA SEA POR G&Eacute;NERO, DISCAPACIDAD, ORIENTACI&Oacute;N POL&Iacute;TICA, RELIGIOSA O SEXUAL, NI CONDICI&Oacute;N SOCIAL O EDAD.</strong></p>',CURRENT_TIMESTAMP,1,null,null);
INSERT INTO job_vacancy(id, name, description, salary, currency, status, highlighted, job_company_id, job_category_id, publication_date_time, details, first_registration_date_time, first_registration_auth_user_id, last_modification_date_time, last_modification_auth_user_id)
 VALUES(10,'Ingeniero electrónico','Estamos reclutando Ing. Electrónico para diseñar equipos y sistemas electrónicos (circuitos), tanto analógicos como digitales y para dirigir la operación de equipos y sistemas electrónicos en las áreas de comunicación, control, instrumentación y potencia.',23600,'$','C',1,13,4,CURRENT_TIMESTAMP,'<p>&iexcl;&Uacute;nete a nuestro equipo de trabajo!<br /><br />Nuestra visi&oacute;n es ser la inspiraci&oacute;n de la industria de la entrega inmediata, a trav&eacute;s del desarrollo del talento humano y la excelencia operacional.</p>\r\n<p><span style=\"color: #0000ff;\"><strong>FUNCIONES:</strong></span><br />- Mantendr&aacute; los equipos, maquinaria dentro del sectro en excelentes condiciones mediante un buen servicio de mantenimiento preventivo, correctivo, predictivo.<br />- Evitar&aacute; paros inoportunos y p&eacute;rdidas para la empresa.<br />- Apoyar&aacute; a producci&oacute;n medienta capacitaci&oacute;n de maquinaria nueva.<br />- Coordinar&aacute; al personal para establecer par&aacute;metros en &aacute;rea.<br /><br /><span style=\"color: #0000ff;\"><strong>DEBERAS TENER:</strong></span><br />- Ing. en mecatr&oacute;nica, electr&oacute;nica y electromec&aacute;nico.<br />- Experiencia en el ramo de mantenimiento en general.<br />- Conocimiento en maquinaria industrial.<br />- 2 a&ntilde;os de experiencia minimo.<br />- Destrezay habilidad en herramientas mec&aacute;nicas, el&eacute;ctricas y electr&oacute;nicas.<br /><br /><span style=\"color: #0000ff;\"><strong>VALORAMOS:</strong></span><br />- Liderazgo<br />- Responsabilidad<br />- Actitud de servicio<br />- Enfoque a resultados<br />- Comunicaci&oacute;n efectiva<br />- Retenci&oacute;n de informaci&oacute;n<br />- Habilidad anal&iacute;tica<br /><br /><span style=\"color: #0000ff;\"><strong>QUE OFRECEMOS:</strong></span><br />- Prestaciones superiores a la ley (fondo de ahorro, 30 d&iacute;as de aguinaldo, 15 d&iacute;as de vacaciones, vales de despensa, utilidades, bono por puntualidad y asistencia, SGMM).<br />- Estabilidad y crecimiento laboral.</p>\r\n<p><span style=\"color: #0000ff;\"><strong>REQUERIMIENTOS:</strong></span><br />- Educaci&oacute;n m&iacute;nima: Educaci&oacute;n superior - Licenciatura<br />- A&ntilde;os de experiencia: 3<br />- Edad: entre 25 y 30 a&ntilde;os<br />- Conocimientos: Windows, Administraci&oacute;n de archivos<br />- Disponibilidad de viajar: No<br />- Disponibilidad de cambio de residencia: No</p>\r\n<p><span style=\"color: #0000ff;\"><strong>SI CUBRES EL PERFIL, POR FAVOR ENVIANOS TU CV POR ESTE MEDIO.</strong></span></p>',CURRENT_TIMESTAMP,1,null,null);
INSERT INTO job_vacancy(id, name, description, salary, currency, status, highlighted, job_company_id, job_category_id, publication_date_time, details, first_registration_date_time, first_registration_auth_user_id, last_modification_date_time, last_modification_auth_user_id)
 VALUES(11,'Programador de Blockchain y Bitcoin','Empresa Mexicana requiere Ing. de Sistemas con experiencia en desarrollo de Blockchain, Bitcoin y Cryptomonedas.',20000,'€','A',1,4,16,CURRENT_TIMESTAMP,'<p><span style=\"color: #ff0000;\"><strong>Educaci&oacute;n:</strong></span></p>\r\n<ul>\r\n<li>Ing. en Sistemas, de preferencia con estudios de Maestria.</li>\r\n<li>Ingles</li>\r\n</ul>\r\n<p><span style=\"color: #ff0000;\"><strong>Requisitos:</strong></span></p>\r\n<ol>\r\n<li>Experiencia en Sistemas Descentralizados.</li>\r\n<li>Desarrollo de aplicaciones en el blockchain de Bitcoin (dApps).</li>\r\n<li>Conocimientos de Contratos Inteligentes (Ethereum).</li>\r\n</ol>\r\n<p><span style=\"color: #0000ff;\"><em><strong>Si cumples con los requisitos mencionares, por favor env&iacute;anos tu CV en formato PDF.</strong></em></span></p>',CURRENT_TIMESTAMP,1,null,null);
INSERT INTO job_vacancy(id, name, description, salary, currency, status, highlighted, job_company_id, job_category_id, publication_date_time, details, first_registration_date_time, first_registration_auth_user_id, last_modification_date_time, last_modification_auth_user_id)
 VALUES(12,'Name 1','Description 1',16501,'$','C',0,1,1,CURRENT_TIMESTAMP,'Details 1',CURRENT_TIMESTAMP,1,null,null);
INSERT INTO job_vacancy(id, name, description, salary, currency, status, highlighted, job_company_id, job_category_id, publication_date_time, details, first_registration_date_time, first_registration_auth_user_id, last_modification_date_time, last_modification_auth_user_id)
 VALUES(13,'Name 2','Description 2',16502,'€','C',0,1,1,CURRENT_TIMESTAMP,'Details 2',CURRENT_TIMESTAMP,1,null,null);
INSERT INTO job_vacancy(id, name, description, salary, currency, status, highlighted, job_company_id, job_category_id, publication_date_time, details, first_registration_date_time, first_registration_auth_user_id, last_modification_date_time, last_modification_auth_user_id)
 VALUES(14,'Name 3','Description 3',16503,'$','C',0,1,1,CURRENT_TIMESTAMP,'Details 3',CURRENT_TIMESTAMP,1,null,null);
INSERT INTO job_vacancy(id, name, description, salary, currency, status, highlighted, job_company_id, job_category_id, publication_date_time, details, first_registration_date_time, first_registration_auth_user_id, last_modification_date_time, last_modification_auth_user_id)
 VALUES(15,'Name 4','Description 4',16504,'€','C',0,1,1,CURRENT_TIMESTAMP,'Details 4',CURRENT_TIMESTAMP,1,null,null);
INSERT INTO job_vacancy(id, name, description, salary, currency, status, highlighted, job_company_id, job_category_id, publication_date_time, details, first_registration_date_time, first_registration_auth_user_id, last_modification_date_time, last_modification_auth_user_id)
 VALUES(16,'Name 5','Description 5',16505,'$','C',0,1,1,CURRENT_TIMESTAMP,'Details 5',CURRENT_TIMESTAMP,1,null,null);

ALTER TABLE job_vacancy ALTER COLUMN id RESTART WITH (SELECT MAX(id) FROM job_vacancy) + 1;

-----------------------------------------------------------------------

INSERT INTO job_request(id, auth_user_id, job_vacancy_id, comments, curriculum_file_name, first_registration_date_time, first_registration_auth_user_id, last_modification_date_time, last_modification_auth_user_id)
 VALUES (1,2,11,'1. Buenas tardes. Envío mi Curriculum Vitae para aplicar para esta oferta de trabajo!','EKFP0YBSmiguel.pdf',CURRENT_TIMESTAMP,1,null,null);
INSERT INTO job_request(id, auth_user_id, job_vacancy_id, comments, curriculum_file_name, first_registration_date_time, first_registration_auth_user_id, last_modification_date_time, last_modification_auth_user_id)
 VALUES (2,3,11,'2. Buenas tardes. Envío mi Curriculum Vitae para aplicar para esta oferta de trabajo!','EKFP0YBSmiguel.pdf',CURRENT_TIMESTAMP,1,null,null);
INSERT INTO job_request(id, auth_user_id, job_vacancy_id, comments, curriculum_file_name, first_registration_date_time, first_registration_auth_user_id, last_modification_date_time, last_modification_auth_user_id)
 VALUES (3,4,11,'3. Buenas tardes. Envío mi Curriculum Vitae para aplicar para esta oferta de trabajo!','EKFP0YBSmiguel.pdf',CURRENT_TIMESTAMP,1,null,null);
INSERT INTO job_request(id, auth_user_id, job_vacancy_id, comments, curriculum_file_name, first_registration_date_time, first_registration_auth_user_id, last_modification_date_time, last_modification_auth_user_id)
 VALUES (4,5,11,'4. Buenas tardes. Envío mi Curriculum Vitae para aplicar para esta oferta de trabajo!','EKFP0YBSmiguel.pdf',CURRENT_TIMESTAMP,1,null,null);
INSERT INTO job_request(id, auth_user_id, job_vacancy_id, comments, curriculum_file_name, first_registration_date_time, first_registration_auth_user_id, last_modification_date_time, last_modification_auth_user_id)
 VALUES (5,6,11,'5. Buenas tardes. Envío mi Curriculum Vitae para aplicar para esta oferta de trabajo!','EKFP0YBSmiguel.pdf',CURRENT_TIMESTAMP,1,null,null);
INSERT INTO job_request(id, auth_user_id, job_vacancy_id, comments, curriculum_file_name, first_registration_date_time, first_registration_auth_user_id, last_modification_date_time, last_modification_auth_user_id)
 VALUES (6,7,11,'6. Buenas tardes. Envío mi Curriculum Vitae para aplicar para esta oferta de trabajo!','EKFP0YBSmiguel.pdf',CURRENT_TIMESTAMP,1,null,null);
INSERT INTO job_request(id, auth_user_id, job_vacancy_id, comments, curriculum_file_name, first_registration_date_time, first_registration_auth_user_id, last_modification_date_time, last_modification_auth_user_id)
 VALUES (7,2,1,'7. Buenas tardes. Envío mi Curriculum Vitae para aplicar para esta oferta de trabajo!','ExampleCV1.docx',CURRENT_TIMESTAMP,1,null,null);
INSERT INTO job_request(id, auth_user_id, job_vacancy_id, comments, curriculum_file_name, first_registration_date_time, first_registration_auth_user_id, last_modification_date_time, last_modification_auth_user_id)
 VALUES (8,2,2,'8. Buenas tardes. Envío mi Curriculum Vitae para aplicar para esta oferta de trabajo!','EKFP0YBSmiguel.pdf',CURRENT_TIMESTAMP,1,null,null);
INSERT INTO job_request(id, auth_user_id, job_vacancy_id, comments, curriculum_file_name, first_registration_date_time, first_registration_auth_user_id, last_modification_date_time, last_modification_auth_user_id)
 VALUES (9,2,3,'9. Buenas tardes. Envío mi Curriculum Vitae para aplicar para esta oferta de trabajo!','ExampleCV1.docx',CURRENT_TIMESTAMP,1,null,null);
INSERT INTO job_request(id, auth_user_id, job_vacancy_id, comments, curriculum_file_name, first_registration_date_time, first_registration_auth_user_id, last_modification_date_time, last_modification_auth_user_id)
 VALUES (10,2,4,'10. Buenas tardes. Envío mi Curriculum Vitae para aplicar para esta oferta de trabajo!','EKFP0YBSmiguel.pdf',CURRENT_TIMESTAMP,1,null,null);
INSERT INTO job_request(id, auth_user_id, job_vacancy_id, comments, curriculum_file_name, first_registration_date_time, first_registration_auth_user_id, last_modification_date_time, last_modification_auth_user_id)
 VALUES (11,2,5,'11. Buenas tardes. Envío mi Curriculum Vitae para aplicar para esta oferta de trabajo!','ExampleCV1.docx',CURRENT_TIMESTAMP,1,null,null);

ALTER TABLE job_request ALTER COLUMN id RESTART WITH (SELECT MAX(id) FROM job_request) + 1;

-----------------------------------------------------------------------

INSERT INTO auth_user_reset_password(id, email, uuid, first_registration_date_time, first_registration_auth_user_id, last_modification_date_time, last_modification_auth_user_id)
 VALUES (1,'guti@aliuken.com','a0396f47-50e8-470d-94ba-16f981cdfad6',CURRENT_TIMESTAMP,1,null,null);
INSERT INTO auth_user_reset_password(id, email, uuid, first_registration_date_time, first_registration_auth_user_id, last_modification_date_time, last_modification_auth_user_id)
 VALUES (2,'raul@aliuken.com','9088793d-3e0e-4e5e-94a3-9c0267dc2dc5',CURRENT_TIMESTAMP,1,null,null);

ALTER TABLE auth_user_reset_password ALTER COLUMN id RESTART WITH (SELECT MAX(id) FROM auth_user_reset_password) + 1;

-----------------------------------------------------------------------

INSERT INTO auth_user_signup_confirmation(id, email, uuid, first_registration_date_time, first_registration_auth_user_id, last_modification_date_time, last_modification_auth_user_id)
 VALUES (1,'antonio@aliuken.com','21d27fe6-4b57-413b-8361-2757c45294e3',CURRENT_TIMESTAMP,1,null,null);
INSERT INTO auth_user_signup_confirmation(id, email, uuid, first_registration_date_time, first_registration_auth_user_id, last_modification_date_time, last_modification_auth_user_id)
 VALUES (2,'pai.mei@aliuken.com','a0396f47-50e8-470d-94ba-16f981cdfad8',CURRENT_TIMESTAMP,1,null,null);

ALTER TABLE auth_user_signup_confirmation ALTER COLUMN id RESTART WITH (SELECT MAX(id) FROM auth_user_signup_confirmation) + 1;

-----------------------------------------------------------------------

INSERT INTO auth_user_entity_query(id,auth_user_id,page_entity,initial_pdf_document_page_format,final_pdf_document_page_format,language,predefined_filter_name,predefined_filter_value,filter_name,filter_value,sorting_field,sorting_direction,page_size,page_number,query_url,final_result_file_name,first_registration_date_time,first_registration_auth_user_id,last_modification_date_time,last_modification_auth_user_id)
 VALUES (1,2,'jobCategories','A3H','A3H','es',NULL,NULL,'id','','id','desc',10,0,'http://localhost:8080/job-categories/index?languageParam=es&filterName=id&filterValue=&sortingField=id&sortingDirection=desc&pageSize=10&pageNumber=0','jobCategories-1-0XV0TS7SHK6M.pdf','2025-01-06 16:36:27',2,'2025-01-06 16:36:28',2);
INSERT INTO auth_user_entity_query(id,auth_user_id,page_entity,initial_pdf_document_page_format,final_pdf_document_page_format,language,predefined_filter_name,predefined_filter_value,filter_name,filter_value,sorting_field,sorting_direction,page_size,page_number,query_url,final_result_file_name,first_registration_date_time,first_registration_auth_user_id,last_modification_date_time,last_modification_auth_user_id)
 VALUES (2,2,'jobCategories','A3H','A3H','es',NULL,NULL,'id','15','id','desc',10,0,'http://localhost:8080/job-categories/index?languageParam=es&filterName=id&filterValue=15&sortingField=id&sortingDirection=desc&pageSize=10&pageNumber=0','jobCategories-2-1E6N0P6O1L09.pdf','2025-01-06 16:36:40',2,'2025-01-06 16:36:40',2);
INSERT INTO auth_user_entity_query(id,auth_user_id,page_entity,initial_pdf_document_page_format,final_pdf_document_page_format,language,predefined_filter_name,predefined_filter_value,filter_name,filter_value,sorting_field,sorting_direction,page_size,page_number,query_url,final_result_file_name,first_registration_date_time,first_registration_auth_user_id,last_modification_date_time,last_modification_auth_user_id)
 VALUES (3,2,'jobCategories','A3H','A3H','es',NULL,NULL,'id','','id','desc',10,2,'http://localhost:8080/job-categories/index?languageParam=es&filterName=id&filterValue=&sortingField=id&sortingDirection=desc&pageSize=10&pageNumber=2','jobCategories-3-ZYL87WMW6Q19.pdf','2025-01-06 16:46:26',2,'2025-01-06 16:46:27',2);
INSERT INTO auth_user_entity_query(id,auth_user_id,page_entity,initial_pdf_document_page_format,final_pdf_document_page_format,language,predefined_filter_name,predefined_filter_value,filter_name,filter_value,sorting_field,sorting_direction,page_size,page_number,query_url,final_result_file_name,first_registration_date_time,first_registration_auth_user_id,last_modification_date_time,last_modification_auth_user_id)
 VALUES (4,2,'jobVacancies','A3H','A3H','en','JobCategory','1','jobCompanyName','','jobCompanyName','asc',5,0,'http://localhost:8080/job-categories/job-vacancies/1?languageParam=en&filterName=jobCompanyName&filterValue=&sortingField=jobCompanyName&sortingDirection=asc&pageSize=5&pageNumber=0','jobVacancies-4-NY28M8VA30OR.pdf','2025-01-06 16:46:42',2,'2025-01-06 16:46:42',2);
INSERT INTO auth_user_entity_query(id,auth_user_id,page_entity,initial_pdf_document_page_format,final_pdf_document_page_format,language,predefined_filter_name,predefined_filter_value,filter_name,filter_value,sorting_field,sorting_direction,page_size,page_number,query_url,final_result_file_name,first_registration_date_time,first_registration_auth_user_id,last_modification_date_time,last_modification_auth_user_id)
 VALUES (5,2,'jobVacancies','A3H','A3H','en','JobCategory','1','jobCompanyName','Quality','jobCompanyName','asc',10,0,'http://localhost:8080/job-categories/job-vacancies/1?languageParam=en&filterName=jobCompanyName&filterValue=Quality&sortingField=jobCompanyName&sortingDirection=asc&pageSize=10&pageNumber=0','jobVacancies-5-SNCLLDJYSP1H.pdf','2025-01-06 16:46:52',2,'2025-01-06 16:46:52',2);
INSERT INTO auth_user_entity_query(id,auth_user_id,page_entity,initial_pdf_document_page_format,final_pdf_document_page_format,language,predefined_filter_name,predefined_filter_value,filter_name,filter_value,sorting_field,sorting_direction,page_size,page_number,query_url,final_result_file_name,first_registration_date_time,first_registration_auth_user_id,last_modification_date_time,last_modification_auth_user_id)
 VALUES (6,2,'jobVacancies','A3H','A3H','en','JobCategory','1','jobCompanyName','Quality','jobCompanyName','asc',10,1,'http://localhost:8080/job-categories/job-vacancies/1?languageParam=en&filterName=jobCompanyName&filterValue=Quality&sortingField=jobCompanyName&sortingDirection=asc&pageSize=10&pageNumber=1','jobVacancies-6-9F95V4HAQBED.pdf','2025-01-06 16:47:01',2,'2025-01-06 16:47:01',2);
INSERT INTO auth_user_entity_query(id,auth_user_id,page_entity,initial_pdf_document_page_format,final_pdf_document_page_format,language,predefined_filter_name,predefined_filter_value,filter_name,filter_value,sorting_field,sorting_direction,page_size,page_number,query_url,final_result_file_name,first_registration_date_time,first_registration_auth_user_id,last_modification_date_time,last_modification_auth_user_id)
 VALUES (7,2,'jobCompanies','A3H','A3H','es',NULL,NULL,'jobCompanyName','','jobCompanyName','desc',5,0,'http://localhost:8080/job-companies/index?languageParam=es&filterName=jobCompanyName&filterValue=&sortingField=jobCompanyName&sortingDirection=desc&pageSize=5&pageNumber=0','jobCompanies-7-EJ82F12974OU.pdf','2025-01-06 18:21:05',2,'2025-01-06 18:21:06',2);
INSERT INTO auth_user_entity_query(id,auth_user_id,page_entity,initial_pdf_document_page_format,final_pdf_document_page_format,language,predefined_filter_name,predefined_filter_value,filter_name,filter_value,sorting_field,sorting_direction,page_size,page_number,query_url,final_result_file_name,first_registration_date_time,first_registration_auth_user_id,last_modification_date_time,last_modification_auth_user_id)
 VALUES (8,2,'jobCompanies','A3H','A3H','es',NULL,NULL,'jobCompanyName','Club TelePromo','jobCompanyName','desc',5,0,'http://localhost:8080/job-companies/index?languageParam=es&filterName=jobCompanyName&filterValue=Club%20TelePromo&sortingField=jobCompanyName&sortingDirection=desc&pageSize=5&pageNumber=0','jobCompanies-8-P756C62CPM9N.pdf','2025-01-06 18:21:21',2,'2025-01-06 18:21:21',2);
INSERT INTO auth_user_entity_query(id,auth_user_id,page_entity,initial_pdf_document_page_format,final_pdf_document_page_format,language,predefined_filter_name,predefined_filter_value,filter_name,filter_value,sorting_field,sorting_direction,page_size,page_number,query_url,final_result_file_name,first_registration_date_time,first_registration_auth_user_id,last_modification_date_time,last_modification_auth_user_id)
 VALUES (9,2,'jobCompanies','A3H','A3H','es',NULL,NULL,'jobCompanyName','aaa','jobCompanyName','desc',5,0,'http://localhost:8080/job-companies/index?languageParam=es&filterName=jobCompanyName&filterValue=aaa&sortingField=jobCompanyName&sortingDirection=desc&pageSize=5&pageNumber=0','jobCompanies-9-GYWVBPMS8U0D.pdf','2025-01-06 18:21:32',2,'2025-01-06 18:21:32',2);
INSERT INTO auth_user_entity_query(id,auth_user_id,page_entity,initial_pdf_document_page_format,final_pdf_document_page_format,language,predefined_filter_name,predefined_filter_value,filter_name,filter_value,sorting_field,sorting_direction,page_size,page_number,query_url,final_result_file_name,first_registration_date_time,first_registration_auth_user_id,last_modification_date_time,last_modification_auth_user_id)
 VALUES (10,2,'jobVacancies','A3H','A3H','en','JobCompany','1','id','','id','asc',5,0,'http://localhost:8080/job-companies/job-vacancies/1?languageParam=en&filterName=id&filterValue=&sortingField=id&sortingDirection=asc&pageSize=5&pageNumber=0','jobVacancies-10-8F1WLPV89W20.pdf','2025-01-06 18:21:54',2,'2025-01-06 18:21:55',2);
INSERT INTO auth_user_entity_query(id,auth_user_id,page_entity,initial_pdf_document_page_format,final_pdf_document_page_format,language,predefined_filter_name,predefined_filter_value,filter_name,filter_value,sorting_field,sorting_direction,page_size,page_number,query_url,final_result_file_name,first_registration_date_time,first_registration_auth_user_id,last_modification_date_time,last_modification_auth_user_id)
 VALUES (11,2,'jobVacancies','A3H','A3H','en','JobCompany','1','id','12','id','asc',5,0,'http://localhost:8080/job-companies/job-vacancies/1?languageParam=en&filterName=id&filterValue=12&sortingField=id&sortingDirection=asc&pageSize=5&pageNumber=0','jobVacancies-11-ROR8SVPLJZ6B.pdf','2025-01-06 18:22:07',2,'2025-01-06 18:22:07',2);
INSERT INTO auth_user_entity_query(id,auth_user_id,page_entity,initial_pdf_document_page_format,final_pdf_document_page_format,language,predefined_filter_name,predefined_filter_value,filter_name,filter_value,sorting_field,sorting_direction,page_size,page_number,query_url,final_result_file_name,first_registration_date_time,first_registration_auth_user_id,last_modification_date_time,last_modification_auth_user_id)
 VALUES (12,2,'jobVacancies','A3H','A3H','en','JobCompany','1','id','6','id','asc',5,0,'http://localhost:8080/job-companies/job-vacancies/1?languageParam=en&filterName=id&filterValue=6&sortingField=id&sortingDirection=asc&pageSize=5&pageNumber=0','jobVacancies-12-4DLYPHJRSL61.pdf','2025-01-06 18:22:20',2,'2025-01-06 18:22:20',2);
INSERT INTO auth_user_entity_query(id,auth_user_id,page_entity,initial_pdf_document_page_format,final_pdf_document_page_format,language,predefined_filter_name,predefined_filter_value,filter_name,filter_value,sorting_field,sorting_direction,page_size,page_number,query_url,final_result_file_name,first_registration_date_time,first_registration_auth_user_id,last_modification_date_time,last_modification_auth_user_id)
 VALUES (13,2,'jobCompanyLogos','A3H','A3H','es','JobCompany','1','id','','id','desc',5,0,'http://localhost:8080/job-companies/job-company-logos/1?languageParam=es&filterName=id&filterValue=&sortingField=id&sortingDirection=desc&pageSize=5&pageNumber=0','jobCompanyLogos-13-93NI8OL8C65N.pdf','2025-01-06 18:22:31',2,'2025-01-06 18:22:31',2);
INSERT INTO auth_user_entity_query(id,auth_user_id,page_entity,initial_pdf_document_page_format,final_pdf_document_page_format,language,predefined_filter_name,predefined_filter_value,filter_name,filter_value,sorting_field,sorting_direction,page_size,page_number,query_url,final_result_file_name,first_registration_date_time,first_registration_auth_user_id,last_modification_date_time,last_modification_auth_user_id)
 VALUES (14,2,'jobCompanyLogos','A3H','A3H','es','JobCompany','1','id','27','id','desc',5,0,'http://localhost:8080/job-companies/job-company-logos/1?languageParam=es&filterName=id&filterValue=27&sortingField=id&sortingDirection=desc&pageSize=5&pageNumber=0','jobCompanyLogos-14-EN297IKQD7XE.pdf','2025-01-06 18:22:49',2,'2025-01-06 18:22:49',2);
INSERT INTO auth_user_entity_query(id,auth_user_id,page_entity,initial_pdf_document_page_format,final_pdf_document_page_format,language,predefined_filter_name,predefined_filter_value,filter_name,filter_value,sorting_field,sorting_direction,page_size,page_number,query_url,final_result_file_name,first_registration_date_time,first_registration_auth_user_id,last_modification_date_time,last_modification_auth_user_id)
 VALUES (15,2,'jobCompanyLogos','A3H','A3H','es','JobCompany','1','id','29','id','desc',5,0,'http://localhost:8080/job-companies/job-company-logos/1?languageParam=es&filterName=id&filterValue=29&sortingField=id&sortingDirection=desc&pageSize=5&pageNumber=0','jobCompanyLogos-15-PO8WS4AYWSEE.pdf','2025-01-06 18:22:58',2,'2025-01-06 18:22:58',2);
INSERT INTO auth_user_entity_query(id,auth_user_id,page_entity,initial_pdf_document_page_format,final_pdf_document_page_format,language,predefined_filter_name,predefined_filter_value,filter_name,filter_value,sorting_field,sorting_direction,page_size,page_number,query_url,final_result_file_name,first_registration_date_time,first_registration_auth_user_id,last_modification_date_time,last_modification_auth_user_id)
 VALUES (16,2,'jobVacancies','A3H','A3H','en',NULL,NULL,'jobCompanyName','','id','asc',5,1,'http://localhost:8080/job-vacancies/index?languageParam=en&filterName=jobCompanyName&filterValue=&sortingField=id&sortingDirection=asc&pageSize=5&pageNumber=1','jobVacancies-16-MJUS3QYVTI6F.pdf','2025-01-06 18:23:14',2,'2025-01-06 18:23:14',2);
INSERT INTO auth_user_entity_query(id,auth_user_id,page_entity,initial_pdf_document_page_format,final_pdf_document_page_format,language,predefined_filter_name,predefined_filter_value,filter_name,filter_value,sorting_field,sorting_direction,page_size,page_number,query_url,final_result_file_name,first_registration_date_time,first_registration_auth_user_id,last_modification_date_time,last_modification_auth_user_id)
 VALUES (17,2,'jobVacancies','A3H','A3H','en',NULL,NULL,'jobCompanyName','Asociados Inc.','id','asc',5,0,'http://localhost:8080/job-vacancies/index?languageParam=en&filterName=jobCompanyName&filterValue=Asociados%20Inc.&sortingField=id&sortingDirection=asc&pageSize=5&pageNumber=0','jobVacancies-17-4QEAZGJOMTZM.pdf','2025-01-06 18:23:23',2,'2025-01-06 18:23:23',2);
INSERT INTO auth_user_entity_query(id,auth_user_id,page_entity,initial_pdf_document_page_format,final_pdf_document_page_format,language,predefined_filter_name,predefined_filter_value,filter_name,filter_value,sorting_field,sorting_direction,page_size,page_number,query_url,final_result_file_name,first_registration_date_time,first_registration_auth_user_id,last_modification_date_time,last_modification_auth_user_id)
 VALUES (18,2,'jobVacancies','A3H','A3H','en',NULL,NULL,'jobCompanyName','Ava Airways','id','asc',5,0,'http://localhost:8080/job-vacancies/index?languageParam=en&filterName=jobCompanyName&filterValue=Ava%20Airways&sortingField=id&sortingDirection=asc&pageSize=5&pageNumber=0','jobVacancies-18-N78T53KP3AVJ.pdf','2025-01-06 18:23:34',2,'2025-01-06 18:23:34',2);
INSERT INTO auth_user_entity_query(id,auth_user_id,page_entity,initial_pdf_document_page_format,final_pdf_document_page_format,language,predefined_filter_name,predefined_filter_value,filter_name,filter_value,sorting_field,sorting_direction,page_size,page_number,query_url,final_result_file_name,first_registration_date_time,first_registration_auth_user_id,last_modification_date_time,last_modification_auth_user_id)
 VALUES (19,2,'jobRequests','A3H','A3H','es','JobVacancy','11','authUserName','','authUserName','desc',5,0,'http://localhost:8080/job-vacancies/job-requests/11?languageParam=es&filterName=authUserName&filterValue=&sortingField=authUserName&sortingDirection=desc&pageSize=5&pageNumber=0','jobRequests-19-QB7OS403LBGV.pdf','2025-01-06 18:23:50',2,'2025-01-06 18:23:50',2);
INSERT INTO auth_user_entity_query(id,auth_user_id,page_entity,initial_pdf_document_page_format,final_pdf_document_page_format,language,predefined_filter_name,predefined_filter_value,filter_name,filter_value,sorting_field,sorting_direction,page_size,page_number,query_url,final_result_file_name,first_registration_date_time,first_registration_auth_user_id,last_modification_date_time,last_modification_auth_user_id)
 VALUES (20,2,'jobRequests','A3H','A3H','es','JobVacancy','11','authUserName','Luis','authUserName','desc',5,0,'http://localhost:8080/job-vacancies/job-requests/11?languageParam=es&filterName=authUserName&filterValue=Luis&sortingField=authUserName&sortingDirection=desc&pageSize=5&pageNumber=0','jobRequests-20-VPCYZOED8L45.pdf','2025-01-06 18:24:00',2,'2025-01-06 18:24:00',2);
INSERT INTO auth_user_entity_query(id,auth_user_id,page_entity,initial_pdf_document_page_format,final_pdf_document_page_format,language,predefined_filter_name,predefined_filter_value,filter_name,filter_value,sorting_field,sorting_direction,page_size,page_number,query_url,final_result_file_name,first_registration_date_time,first_registration_auth_user_id,last_modification_date_time,last_modification_auth_user_id)
 VALUES (21,2,'jobRequests','A3H','A3H','es','JobVacancy','11','authUserName','Pai','authUserName','desc',5,0,'http://localhost:8080/job-vacancies/job-requests/11?languageParam=es&filterName=authUserName&filterValue=Pai&sortingField=authUserName&sortingDirection=desc&pageSize=5&pageNumber=0','jobRequests-21-C4IE08AFQOLD.pdf','2025-01-06 18:24:08',2,'2025-01-06 18:24:08',2);
INSERT INTO auth_user_entity_query(id,auth_user_id,page_entity,initial_pdf_document_page_format,final_pdf_document_page_format,language,predefined_filter_name,predefined_filter_value,filter_name,filter_value,sorting_field,sorting_direction,page_size,page_number,query_url,final_result_file_name,first_registration_date_time,first_registration_auth_user_id,last_modification_date_time,last_modification_auth_user_id)
 VALUES (22,2,'jobRequests','A3H','A3H','en',NULL,NULL,'authUserName','','authUserName','asc',5,0,'http://localhost:8080/job-requests/index?languageParam=en&filterName=authUserName&filterValue=&sortingField=authUserName&sortingDirection=asc&pageSize=5&pageNumber=0','jobRequests-22-SM7B316YMZGU.pdf','2025-01-06 18:24:28',2,'2025-01-06 18:24:28',2);
INSERT INTO auth_user_entity_query(id,auth_user_id,page_entity,initial_pdf_document_page_format,final_pdf_document_page_format,language,predefined_filter_name,predefined_filter_value,filter_name,filter_value,sorting_field,sorting_direction,page_size,page_number,query_url,final_result_file_name,first_registration_date_time,first_registration_auth_user_id,last_modification_date_time,last_modification_auth_user_id)
 VALUES (23,2,'jobRequests','A3H','A3H','en',NULL,NULL,'authUserName','Luis','authUserName','asc',5,0,'http://localhost:8080/job-requests/index?languageParam=en&filterName=authUserName&filterValue=Luis&sortingField=authUserName&sortingDirection=asc&pageSize=5&pageNumber=0','jobRequests-23-21OUQAPASEH5.pdf','2025-01-06 18:24:36',2,'2025-01-06 18:24:36',2);
INSERT INTO auth_user_entity_query(id,auth_user_id,page_entity,initial_pdf_document_page_format,final_pdf_document_page_format,language,predefined_filter_name,predefined_filter_value,filter_name,filter_value,sorting_field,sorting_direction,page_size,page_number,query_url,final_result_file_name,first_registration_date_time,first_registration_auth_user_id,last_modification_date_time,last_modification_auth_user_id)
 VALUES (24,2,'jobRequests','A3H','A3H','en',NULL,NULL,'authUserName','Pai','authUserName','asc',5,0,'http://localhost:8080/job-requests/index?languageParam=en&filterName=authUserName&filterValue=Pai&sortingField=authUserName&sortingDirection=asc&pageSize=5&pageNumber=0','jobRequests-24-M0QYQMJ1KA5M.pdf','2025-01-06 18:24:45',2,'2025-01-06 18:24:45',2);
INSERT INTO auth_user_entity_query(id,auth_user_id,page_entity,initial_pdf_document_page_format,final_pdf_document_page_format,language,predefined_filter_name,predefined_filter_value,filter_name,filter_value,sorting_field,sorting_direction,page_size,page_number,query_url,final_result_file_name,first_registration_date_time,first_registration_auth_user_id,last_modification_date_time,last_modification_auth_user_id)
 VALUES (25,2,'jobRequests','A3H','A3H','es',NULL,NULL,'jobCompanyName','','jobCompanyName','desc',5,0,'http://localhost:8080/job-requests/index?languageParam=es&filterName=jobCompanyName&filterValue=&sortingField=jobCompanyName&sortingDirection=desc&pageSize=5&pageNumber=0','jobRequests-25-YVHLA7CD1IH0.pdf','2025-01-06 18:25:41',2,'2025-01-06 18:25:41',2);
INSERT INTO auth_user_entity_query(id,auth_user_id,page_entity,initial_pdf_document_page_format,final_pdf_document_page_format,language,predefined_filter_name,predefined_filter_value,filter_name,filter_value,sorting_field,sorting_direction,page_size,page_number,query_url,final_result_file_name,first_registration_date_time,first_registration_auth_user_id,last_modification_date_time,last_modification_auth_user_id)
 VALUES (26,2,'jobRequests','A3H','A3H','es',NULL,NULL,'jobCompanyName','Asociados Inc.','jobCompanyName','desc',5,0,'http://localhost:8080/job-requests/index?languageParam=es&filterName=jobCompanyName&filterValue=Asociados%20Inc.&sortingField=jobCompanyName&sortingDirection=desc&pageSize=5&pageNumber=0','jobRequests-26-XZW4T8Z3JJ0O.pdf','2025-01-06 18:25:51',2,'2025-01-06 18:25:51',2);
INSERT INTO auth_user_entity_query(id,auth_user_id,page_entity,initial_pdf_document_page_format,final_pdf_document_page_format,language,predefined_filter_name,predefined_filter_value,filter_name,filter_value,sorting_field,sorting_direction,page_size,page_number,query_url,final_result_file_name,first_registration_date_time,first_registration_auth_user_id,last_modification_date_time,last_modification_auth_user_id)
 VALUES (27,2,'jobRequests','A3H','A3H','es',NULL,NULL,'jobCompanyName','Katapult HRGroup','jobCompanyName','desc',5,0,'http://localhost:8080/job-requests/index?languageParam=es&filterName=jobCompanyName&filterValue=Katapult%20HRGroup&sortingField=jobCompanyName&sortingDirection=desc&pageSize=5&pageNumber=0','jobRequests-27-7D27XDA89CIX.pdf','2025-01-06 18:26:01',2,'2025-01-06 18:26:01',2);
INSERT INTO auth_user_entity_query(id,auth_user_id,page_entity,initial_pdf_document_page_format,final_pdf_document_page_format,language,predefined_filter_name,predefined_filter_value,filter_name,filter_value,sorting_field,sorting_direction,page_size,page_number,query_url,final_result_file_name,first_registration_date_time,first_registration_auth_user_id,last_modification_date_time,last_modification_auth_user_id)
 VALUES (28,2,'authUsers','A3H','A3H','en',NULL,NULL,'authUserName','','authUserName','asc',5,1,'http://localhost:8080/auth-users/index?languageParam=en&filterName=authUserName&filterValue=&sortingField=authUserName&sortingDirection=asc&pageSize=5&pageNumber=1','authUsers-28-IWM47NA2HJOE.pdf','2025-01-06 18:26:09',2,'2025-01-06 18:26:09',2);
INSERT INTO auth_user_entity_query(id,auth_user_id,page_entity,initial_pdf_document_page_format,final_pdf_document_page_format,language,predefined_filter_name,predefined_filter_value,filter_name,filter_value,sorting_field,sorting_direction,page_size,page_number,query_url,final_result_file_name,first_registration_date_time,first_registration_auth_user_id,last_modification_date_time,last_modification_auth_user_id)
 VALUES (29,2,'authUsers','A3H','A3H','en',NULL,NULL,'authUserName','Luis','authUserName','asc',5,0,'http://localhost:8080/auth-users/index?languageParam=en&filterName=authUserName&filterValue=Luis&sortingField=authUserName&sortingDirection=asc&pageSize=5&pageNumber=0','authUsers-29-LU6OKD36BBDG.pdf','2025-01-06 18:26:17',2,'2025-01-06 18:26:17',2);
INSERT INTO auth_user_entity_query(id,auth_user_id,page_entity,initial_pdf_document_page_format,final_pdf_document_page_format,language,predefined_filter_name,predefined_filter_value,filter_name,filter_value,sorting_field,sorting_direction,page_size,page_number,query_url,final_result_file_name,first_registration_date_time,first_registration_auth_user_id,last_modification_date_time,last_modification_auth_user_id)
 VALUES (30,2,'authUsers','A3H','A3H','en',NULL,NULL,'authUserName','aaa','authUserName','asc',5,0,'http://localhost:8080/auth-users/index?languageParam=en&filterName=authUserName&filterValue=aaa&sortingField=authUserName&sortingDirection=asc&pageSize=5&pageNumber=0','authUsers-30-V8IU4VXNW2KW.pdf','2025-01-06 18:26:24',2,'2025-01-06 18:26:24',2);
INSERT INTO auth_user_entity_query(id,auth_user_id,page_entity,initial_pdf_document_page_format,final_pdf_document_page_format,language,predefined_filter_name,predefined_filter_value,filter_name,filter_value,sorting_field,sorting_direction,page_size,page_number,query_url,final_result_file_name,first_registration_date_time,first_registration_auth_user_id,last_modification_date_time,last_modification_auth_user_id)
 VALUES (31,2,'jobRequests','A3H','A3H','es','AuthUser','2','jobCompanyName','','jobCompanyName','desc',5,0,'http://localhost:8080/auth-users/job-requests/2?languageParam=es&filterName=jobCompanyName&filterValue=&sortingField=jobCompanyName&sortingDirection=desc&pageSize=5&pageNumber=0','jobRequests-31-D8N1PNBURES1.pdf','2025-01-06 18:26:33',2,'2025-01-06 18:26:33',2);
INSERT INTO auth_user_entity_query(id,auth_user_id,page_entity,initial_pdf_document_page_format,final_pdf_document_page_format,language,predefined_filter_name,predefined_filter_value,filter_name,filter_value,sorting_field,sorting_direction,page_size,page_number,query_url,final_result_file_name,first_registration_date_time,first_registration_auth_user_id,last_modification_date_time,last_modification_auth_user_id)
 VALUES (32,2,'jobRequests','A3H','A3H','es','AuthUser','2','jobCompanyName','Asociados Inc.','jobCompanyName','desc',5,0,'http://localhost:8080/auth-users/job-requests/2?languageParam=es&filterName=jobCompanyName&filterValue=Asociados%20Inc.&sortingField=jobCompanyName&sortingDirection=desc&pageSize=5&pageNumber=0','jobRequests-32-IAO5434MQMZL.pdf','2025-01-06 18:26:40',2,'2025-01-06 18:26:40',2);
INSERT INTO auth_user_entity_query(id,auth_user_id,page_entity,initial_pdf_document_page_format,final_pdf_document_page_format,language,predefined_filter_name,predefined_filter_value,filter_name,filter_value,sorting_field,sorting_direction,page_size,page_number,query_url,final_result_file_name,first_registration_date_time,first_registration_auth_user_id,last_modification_date_time,last_modification_auth_user_id)
 VALUES (33,2,'jobRequests','A3H','A3H','es','AuthUser','2','jobCompanyName','Katapult HRGroup','jobCompanyName','desc',5,0,'http://localhost:8080/auth-users/job-requests/2?languageParam=es&filterName=jobCompanyName&filterValue=Katapult%20HRGroup&sortingField=jobCompanyName&sortingDirection=desc&pageSize=5&pageNumber=0','jobRequests-33-4P8WMFFEUX5D.pdf','2025-01-06 18:26:49',2,'2025-01-06 18:26:49',2);
INSERT INTO auth_user_entity_query(id,auth_user_id,page_entity,initial_pdf_document_page_format,final_pdf_document_page_format,language,predefined_filter_name,predefined_filter_value,filter_name,filter_value,sorting_field,sorting_direction,page_size,page_number,query_url,final_result_file_name,first_registration_date_time,first_registration_auth_user_id,last_modification_date_time,last_modification_auth_user_id)
 VALUES (34,7,'jobRequests','---','A4V','en','AuthUser','7','jobCompanyName','','id','asc',5,0,'http://localhost:8080/my-user/job-requests?languageParam=en&filterName=jobCompanyName&filterValue=&sortingField=id&sortingDirection=asc&pageSize=5&pageNumber=0','jobRequests-34-DTMQPFZEL0VR.pdf','2025-01-06 18:27:09',7,'2025-01-06 18:27:09',7);
INSERT INTO auth_user_entity_query(id,auth_user_id,page_entity,initial_pdf_document_page_format,final_pdf_document_page_format,language,predefined_filter_name,predefined_filter_value,filter_name,filter_value,sorting_field,sorting_direction,page_size,page_number,query_url,final_result_file_name,first_registration_date_time,first_registration_auth_user_id,last_modification_date_time,last_modification_auth_user_id)
 VALUES (35,7,'jobRequests','---','A4V','en','AuthUser','7','jobCompanyName','Club TelePromo','id','asc',5,0,'http://localhost:8080/my-user/job-requests?languageParam=en&filterName=jobCompanyName&filterValue=Club%20TelePromo&sortingField=id&sortingDirection=asc&pageSize=5&pageNumber=0','jobRequests-35-UJQZVF17WTFC.pdf','2025-01-06 18:27:18',7,'2025-01-06 18:27:18',7);
INSERT INTO auth_user_entity_query(id,auth_user_id,page_entity,initial_pdf_document_page_format,final_pdf_document_page_format,language,predefined_filter_name,predefined_filter_value,filter_name,filter_value,sorting_field,sorting_direction,page_size,page_number,query_url,final_result_file_name,first_registration_date_time,first_registration_auth_user_id,last_modification_date_time,last_modification_auth_user_id)
 VALUES (36,7,'jobRequests','---','A4V','en','AuthUser','7','jobCompanyName','Asociados Inc.','id','asc',5,0,'http://localhost:8080/my-user/job-requests?languageParam=en&filterName=jobCompanyName&filterValue=Asociados%20Inc.&sortingField=id&sortingDirection=asc&pageSize=5&pageNumber=0','jobRequests-36-9PL8803T3QLV.pdf','2025-01-06 18:27:26',7,'2025-01-06 18:27:26',7);
INSERT INTO auth_user_entity_query(id,auth_user_id,page_entity,initial_pdf_document_page_format,final_pdf_document_page_format,language,predefined_filter_name,predefined_filter_value,filter_name,filter_value,sorting_field,sorting_direction,page_size,page_number,query_url,final_result_file_name,first_registration_date_time,first_registration_auth_user_id,last_modification_date_time,last_modification_auth_user_id)
 VALUES (37,7,'authUserCurriculums','---','A4V','es','AuthUser','7','id','','id','desc',5,0,'http://localhost:8080/my-user/auth-user-curriculums?languageParam=es&filterName=id&filterValue=&sortingField=id&sortingDirection=desc&pageSize=5&pageNumber=0','authUserCurriculums-37-QHTRTBZDMDUT.pdf','2025-01-06 18:27:35',7,'2025-01-06 18:27:35',7);
INSERT INTO auth_user_entity_query(id,auth_user_id,page_entity,initial_pdf_document_page_format,final_pdf_document_page_format,language,predefined_filter_name,predefined_filter_value,filter_name,filter_value,sorting_field,sorting_direction,page_size,page_number,query_url,final_result_file_name,first_registration_date_time,first_registration_auth_user_id,last_modification_date_time,last_modification_auth_user_id)
 VALUES (38,7,'authUserCurriculums','---','A4V','es','AuthUser','7','id','6','id','desc',5,0,'http://localhost:8080/my-user/auth-user-curriculums?languageParam=es&filterName=id&filterValue=6&sortingField=id&sortingDirection=desc&pageSize=5&pageNumber=0','authUserCurriculums-38-BFLHBAYLXK76.pdf','2025-01-06 18:27:44',7,'2025-01-06 18:27:44',7);
INSERT INTO auth_user_entity_query(id,auth_user_id,page_entity,initial_pdf_document_page_format,final_pdf_document_page_format,language,predefined_filter_name,predefined_filter_value,filter_name,filter_value,sorting_field,sorting_direction,page_size,page_number,query_url,final_result_file_name,first_registration_date_time,first_registration_auth_user_id,last_modification_date_time,last_modification_auth_user_id)
 VALUES (39,7,'authUserCurriculums','---','A4V','es','AuthUser','7','id','5','id','desc',5,0,'http://localhost:8080/my-user/auth-user-curriculums?languageParam=es&filterName=id&filterValue=5&sortingField=id&sortingDirection=desc&pageSize=5&pageNumber=0','authUserCurriculums-39-VI1LGMBGMZNW.pdf','2025-01-06 18:27:52',7,'2025-01-06 18:27:52',7);
INSERT INTO auth_user_entity_query(id,auth_user_id,page_entity,initial_pdf_document_page_format,final_pdf_document_page_format,language,predefined_filter_name,predefined_filter_value,filter_name,filter_value,sorting_field,sorting_direction,page_size,page_number,query_url,final_result_file_name,first_registration_date_time,first_registration_auth_user_id,last_modification_date_time,last_modification_auth_user_id)
 VALUES (40,2,'jobRequests','A3H','A3H','en','AuthUser','2','jobCompanyName','','id','asc',5,1,'http://localhost:8080/my-user/job-requests?languageParam=en&filterName=jobCompanyName&filterValue=&sortingField=id&sortingDirection=asc&pageSize=5&pageNumber=1','jobRequests-40-OAXBAVC60IGX.pdf','2025-01-06 18:28:14',2,'2025-01-06 18:28:14',2);
INSERT INTO auth_user_entity_query(id,auth_user_id,page_entity,initial_pdf_document_page_format,final_pdf_document_page_format,language,predefined_filter_name,predefined_filter_value,filter_name,filter_value,sorting_field,sorting_direction,page_size,page_number,query_url,final_result_file_name,first_registration_date_time,first_registration_auth_user_id,last_modification_date_time,last_modification_auth_user_id)
 VALUES (41,2,'jobRequests','A3H','A3H','en','AuthUser','2','jobCompanyName','Asociados Inc.','id','asc',5,0,'http://localhost:8080/my-user/job-requests?languageParam=en&filterName=jobCompanyName&filterValue=Asociados%20Inc.&sortingField=id&sortingDirection=asc&pageSize=5&pageNumber=0','jobRequests-41-FQSQL8YO8MYV.pdf','2025-01-06 18:28:24',2,'2025-01-06 18:28:24',2);
INSERT INTO auth_user_entity_query(id,auth_user_id,page_entity,initial_pdf_document_page_format,final_pdf_document_page_format,language,predefined_filter_name,predefined_filter_value,filter_name,filter_value,sorting_field,sorting_direction,page_size,page_number,query_url,final_result_file_name,first_registration_date_time,first_registration_auth_user_id,last_modification_date_time,last_modification_auth_user_id)
 VALUES (42,2,'jobRequests','A3H','A3H','en','AuthUser','2','jobCompanyName','Katapult HRGroup','id','asc',5,0,'http://localhost:8080/my-user/job-requests?languageParam=en&filterName=jobCompanyName&filterValue=Katapult%20HRGroup&sortingField=id&sortingDirection=asc&pageSize=5&pageNumber=0','jobRequests-42-W14KMGYOAZH3.pdf','2025-01-06 18:28:31',2,'2025-01-06 18:28:31',2);
INSERT INTO auth_user_entity_query(id,auth_user_id,page_entity,initial_pdf_document_page_format,final_pdf_document_page_format,language,predefined_filter_name,predefined_filter_value,filter_name,filter_value,sorting_field,sorting_direction,page_size,page_number,query_url,final_result_file_name,first_registration_date_time,first_registration_auth_user_id,last_modification_date_time,last_modification_auth_user_id)
 VALUES (43,2,'authUserCurriculums','A3H','A3H','es','AuthUser','2','id','','id','desc',5,0,'http://localhost:8080/my-user/auth-user-curriculums?languageParam=es&filterName=id&filterValue=&sortingField=id&sortingDirection=desc&pageSize=5&pageNumber=0','authUserCurriculums-43-LOCYVW8Q24W6.pdf','2025-01-06 18:28:39',2,'2025-01-06 18:28:39',2);
INSERT INTO auth_user_entity_query(id,auth_user_id,page_entity,initial_pdf_document_page_format,final_pdf_document_page_format,language,predefined_filter_name,predefined_filter_value,filter_name,filter_value,sorting_field,sorting_direction,page_size,page_number,query_url,final_result_file_name,first_registration_date_time,first_registration_auth_user_id,last_modification_date_time,last_modification_auth_user_id)
 VALUES (44,2,'authUserCurriculums','A3H','A3H','es','AuthUser','2','id','7','id','desc',5,0,'http://localhost:8080/my-user/auth-user-curriculums?languageParam=es&filterName=id&filterValue=7&sortingField=id&sortingDirection=desc&pageSize=5&pageNumber=0','authUserCurriculums-44-PW6LO35DKTTK.pdf','2025-01-06 18:28:47',2,'2025-01-06 18:28:47',2);
INSERT INTO auth_user_entity_query(id,auth_user_id,page_entity,initial_pdf_document_page_format,final_pdf_document_page_format,language,predefined_filter_name,predefined_filter_value,filter_name,filter_value,sorting_field,sorting_direction,page_size,page_number,query_url,final_result_file_name,first_registration_date_time,first_registration_auth_user_id,last_modification_date_time,last_modification_auth_user_id)
 VALUES (45,2,'authUserCurriculums','A3H','A3H','es','AuthUser','2','id','6','id','desc',5,0,'http://localhost:8080/my-user/auth-user-curriculums?languageParam=es&filterName=id&filterValue=6&sortingField=id&sortingDirection=desc&pageSize=5&pageNumber=0','authUserCurriculums-45-ESDEH21OM7L6.pdf','2025-01-06 18:28:55',2,'2025-01-06 18:28:55',2);

ALTER TABLE auth_user_entity_query ALTER COLUMN id RESTART WITH (SELECT MAX(id) FROM auth_user_entity_query) + 1;
